1331;"Pötzleinsdorf"
1321;"Khevenhüllerstraße"
1322;"Pötzleinsdorfer Friedhof"
1323;"Neustifter Friedhof 1.Tor"
1324;"Neustifter Friedhof 2.Tor"
1326;"Neustifter Friedhof 3.Tor"
1327;"Neustifter Friedhof 2.Tor"
1328;"Neustifter Friedhof 1.Tor"
1329;"Pötzleinsdorfer Friedhof"
1330;"Khevenhüllerstraße"
3339;"Aspern Nord"
3340;"Seiseneggergasse"
3341;"Heringgasse"
3404;"Röbbelinggasse"
3342;"Asparagusweg"
3343;"Daphneweg"
3344;"Huflattichweg"
909;"Neueßling"
925;"Thujagasse"
926;"Speierlinggasse"
927;"Invalidensiedlung"
928;"Speierlinggasse"
929;"Thujagasse"
3345;"Neueßling"
930;"Algenweg"
931;"Huflattichweg"
932;"Daphneweg"
3346;"Asparagusweg"
3405;"Röbbelinggasse"
3347;"Heringgasse"
3348;"Seiseneggergasse"
885;"Kagraner Platz"
3068;"Kraygasse"
903;"Markomannenstraße"
911;"Ludwig-Reindl-Gasse"
904;"Gewerbepark Kagran"
917;"Tierquartier"
924;"Breitenlee, Arnikaweg"
905;"Breitenlee, Spargelfeldstraße"
906;"Breitenlee, Ziegelhofstraße"
910;"Breitenlee Friedhof"
907;"Breitenlee Ort"
1287;"Breitenlee Schule"
977;"Agavenweg"
908;"Agrarweg"
914;"Neueßling"
915;"Agrarweg"
959;"Agavenweg"
3432;"Breitenlee Schule"
916;"Breitenlee Ort"
921;"Breitenlee Friedhof"
912;"Breitenlee, Ziegelhofstraße"
918;"Breitenlee, Spargelfeldstraße"
941;"Breitenlee, Arnikaweg"
980;"Tierquartier"
919;"Gewerbepark Kagran"
922;"Ludwig-Reindl-Gasse"
920;"Markomannenstraße"
3069;"Kraygasse"
3066;"Kagraner Platz"
1068;"Afritschgasse"
1069;"Pogrelzstraße"
1078;"Hirschstetten, Süßenbrunner Str."
1085;"Hirschstetten Ort"
3110;"Blumengärten Hirschstetten"
3111;"Murraygasse"
3112;"Gladiolenweg"
3005;"Prinzgasse"
3009;"Zanggasse"
5728;"Am Heidjöchl"
8694;"Pfalzgasse"
8066;"Lackenjöchelgasse"
8065;"Breitenlee Ort"
998;"Kagraner Platz"
640;"Nußdorfer Straße"
1247;"Weitlofgasse"
1231;"Währinger Park"
1232;"Hardtgasse"
2964;"Gatterburggasse"
1233;"Krottenbachstraße"
1234;"Flotowgasse"
1235;"Rodlergasse"
1236;"Kratzlgasse"
1237;"Gustav-Pick-Gasse"
1238;"Glanzing"
1245;"Kammerergasse"
1239;"Strehlgasse"
1240;"Kleingartenverein Hackenberg"
1241;"Neustift, Agnesgasse"
1242;"Neustift am Walde"
1243;"Celtesgasse"
1250;"Salmannsdorf"
1251;"Celtesgasse"
1252;"Neustift am Walde"
1253;"Neustift, Agnesgasse"
1254;"Kleingartenverein Hackenberg"
1255;"Strehlgasse"
1256;"Kammerergasse"
1257;"Glanzing"
1258;"Gustav-Pick-Gasse"
1259;"Kratzlgasse"
1260;"Rodlergasse"
1263;"Flotowgasse"
1261;"Krottenbachstraße"
1262;"Obersteinergasse"
2985;"Gatterburggasse"
1227;"Hardtgasse"
1264;"Glatzgasse"
5694;"Maroltingergasse"
8901;"Liebhartstal"
8900;"Funkengerngasse"
8899;"Ottakringer Friedhof"
8898;"Ottakring"
5695;"Lorenz-Mandl-Gasse"
8902;"Funkengerngasse"
8903;"Ottakringer Friedhof"
1528;"Ottakring"
8904;"Stillfriedplatz"
3259;"Stammhausstraße"
3258;"Pfarrwiesenstraße"
3279;"Albert-Schweitzer-Gasse"
3244;"Auhof"
3254;"Uranusweg"
5792;"Wolfersberggasse"
3261;"Josef-Ressel-Straße"
3255;"Merkurweg"
3257;"Mondweg"
3277;"Anzengruberstraße"
5698;"Bergmillergasse"
3280;"Badgasse"
3260;"Glossystraße"
3278;"Hadersdorf"
3310;"Hütteldorf, Bujattigasse"
3266;"Cottagestraße"
3256;"Siriusweg"
3282;"Hütteldorf"
3262;"Hüttergasse"
3263;"Ferdinand-Frey-Weg"
3245;"Wolfgang-Pauli-Gasse"
3246;"Zimbagasse"
3253;"Auhof Umspannwerk"
3349;"Hütteldorf"
3846;"Atzgersdorf, Ziedlergasse"
8123;"Stranzenberggasse"
8121;"Tiroler Gasse"
8122;"Montecuccoliplatz"
8125;"Pensionistenwohnhaus Hetzendorf"
8133;"Pensionistenwohnhaus Atzgersdorf"
3780;"Pensionistenwohnhaus Rosenberg"
8120;"Am Platz"
2413;"Am Rosenhügel"
1648;"Am Spiegeln"
1652;"Atzgersdorf Kirchenplatz"
8134;"Atzgersdorf"
1651;"Atzgersdorf"
8124;"Atzgersdorfer Straße"
1741;"Rosenhügelstraße"
3810;"Ruzickagasse"
3782;"Deißenhofergasse"
8126;"Dorfmeistergasse"
8119;"Hietzing"
3783;"Eberstorferweg"
8132;"Endemanngasse"
3794;"Endemanngasse"
3809;"Hödlgasse"
3736;"Stranzenberggasse"
1649;"Taglieberstraße"
3733;"Tiroler Gasse"
3734;"Montecuccoliplatz"
3761;"Pensionistenwohnhaus Hetzendorf"
8129;"Schluckergasse"
3788;"Pensionistenwohnhaus Rosenberg"
3735;"Am Platz"
3759;"Am Rosenhügel"
1668;"Am Spiegeln"
3763;"Atzgersdorfer Straße"
3762;"Rosenhügelstraße"
1666;"Rudolf-Zeller-Gasse"
3787;"Deißenhofergasse"
3760;"Dorfmeistergasse"
3786;"Eberstorferweg"
4932;"Kendlerstraße"
4911;"Stephansplatz"
4917;"Erdberg"
4926;"Johnstraße"
4921;"Westbahnhof"
4909;"Volkstheater"
4922;"Zieglergasse"
4914;"Rochusgasse"
4923;"Neubaugasse"
4915;"Kardinal-Nagl-Platz"
4935;"Zippererstraße"
4933;"Hütteldorfer Straße"
4936;"Enkplatz"
4931;"Ottakring"
4913;"Wien Mitte-Landstraße"
4910;"Herrengasse"
4937;"Simmering"
4912;"Stubentor"
4916;"Schlachthausgasse"
4927;"Schweglerstraße"
4934;"Gasometer"
4929;"Kendlerstraße"
4906;"Stephansplatz"
4900;"Erdberg"
4925;"Johnstraße"
4920;"Westbahnhof"
4908;"Volkstheater"
4919;"Zieglergasse"
4903;"Rochusgasse"
4918;"Neubaugasse"
4902;"Kardinal-Nagl-Platz"
4940;"Zippererstraße"
4928;"Hütteldorfer Straße"
4939;"Enkplatz"
4930;"Ottakring"
4904;"Wien Mitte-Landstraße"
4907;"Herrengasse"
4938;"Simmering"
4905;"Stubentor"
4901;"Schlachthausgasse"
4924;"Schweglerstraße"
4941;"Gasometer"
3732;"Schloss Neugebäude"
2084;"Florian-Hedorfer-Straße"
2355;"Mühlsangergasse"
3840;"Jedletzbergerstraße"
2070;"Am Himmelreich"
2366;"Pantucekgasse"
2356;"Kaiserebersdorf, Zinnergasse"
5045;"Artillerieplatz"
2156;"Geringergasse"
2073;"Klebindergraben"
2354;"Halterlacken"
5046;"Landwehrstraße"
2588;"Simmering"
2072;"Luzegasse"
2071;"Hörtengasse"
2576;"Simmering S+U/Kaiserebersdorfer Str."
2086;"Schloss Neugebäude"
2087;"Hörtengasse"
2752;"Florian-Hedorfer-Straße"
5020;"Freudenauer Hafenbrücke"
2364;"Mühlsangergasse"
2088;"Am Himmelreich"
2085;"Kaiserebersdorfer Friedhof"
2363;"Kaiserebersdorf, Zinnergasse"
5042;"Artillerieplatz"
5649;"Geringergasse"
2365;"Halterlacken"
5006;"Alberner Hafenzufahrtsstr."
2726;"Luzegasse"
2575;"Simmering S+U/Kaiserebersdorfer Str."
2654;"Zinnergasse/Kaserne"
8692;"Aspern Sportplatz"
68;"Stavangergasse"
67;"Seidelbastgasse"
8540;"Strandbad Stadlau"
8542;"Stadlauer Friedhof"
8535;"Donaustadtbrücke"
8648;"Donaustadtbrücke"
8544;"Tamariskengasse"
8541;"Wohnpark Lobau"
69;"Haßlwanderweg"
1080;"Zachgasse"
8688;"Franz-Pletersky-Weg"
8538;"Mühlwasserstraße"
72;"Kaisermühlen-VIC"
8537;"Kaisermühlenstraße"
8539;"Kanalstraße"
8545;"Wulzendorfstraße"
8505;"Neue Donau Mitte"
8590;"Asperner Heldenplatz"
1026;"Siegesplatz"
8543;"Ehrenpreisgasse"
73;"Goethehof"
8050;"Hardeggasse"
8502;"Harrachgasse"
8506;"Dampfschiffhaufen"
8501;"Schüttauplatz"
60;"Schüttaustraße"
74;"Schödlbergergasse"
8693;"Aspern Sportplatz"
8559;"Stavangergasse"
8560;"Seidelbastgasse"
8567;"Strandbad Stadlau"
8564;"Stadlauer Friedhof"
8562;"Tamariskengasse"
8566;"Wohnpark Lobau"
8558;"Haßlwanderweg"
8504;"Mendelssohngasse"
8569;"Franz-Pletersky-Weg"
8570;"Mühlwasserstraße"
65;"Kaisermühlen-VIC"
8571;"Kaisermühlenstraße"
8568;"Kanalstraße"
8561;"Wulzendorfstraße"
8503;"Neue Donau Mitte"
5702;"Asperner Heldenplatz"
1050;"Siegesplatz"
8563;"Ehrenpreisgasse"
64;"Goethehof"
8565;"Sanddorngasse"
8051;"Hardeggasse"
8689;"Harrachgasse"
8536;"Dampfschiffhaufen"
62;"Schüttauplatz"
59;"Schüttaustraße"
63;"Schödlbergergasse"
5785;"Steigenteschgasse"
3407;"Senekowitschgasse"
5711;"Vorgartenstraße"
992;"Sebaldgasse"
1141;"Wassermanngasse"
3076;"Julius-Payer-Gasse"
5510;"Kagraner Brücke"
1137;"Moritz-Dreger-Gasse"
5709;"Nestroyplatz"
5569;"Schottenring"
18;"Schottentor"
3077;"Alte Donau"
956;"Doningasse"
5509;"Kaisermühlen-VIC"
2471;"Maculangasse/Wagramer Straße"
1140;"Haberditzlgasse"
5710;"Praterstern"
12;"Schwarzenbergplatz"
5604;"Oper/Karlsplatz U"
1139;"Oswald-Redlich-Straße"
3093;"Puchgasse"
14;"Burgring"
17;"Rathausplatz/Burgtheater"
5201;"Börse"
1143;"Adolf-Loos-Gasse"
1144;"Langfeldgasse"
1142;"Leopoldau"
5787;"Leopoldauer Platz"
5760;"Donauinsel"
5713;"Siebeckstraße"
1136;"Dopschstraße"
10;"Stubentor"
3088;"Tillmanngasse"
5505;"Schwedenplatz"
5504;"Schwedenplatz"
15;"Ring/Volkstheater U"
3097;"Hosnedlgasse"
1135;"St.-Michael-Gasse"
5715;"Martin-Gaunersdorfer-Gasse"
2472;"Franz-Eduard-Matras-Gasse"
2473;"Theodor-Kramer-Str."
2474;"Hochmuthgasse"
7;"Praterstern/Lassallestraße"
1100;"Großfeldsiedlung"
874;"Rennbahnweg"
1138;"Kürschnergasse"
952;"Anton-Sattler-Gasse"
892;"Steigenteschgasse"
3096;"Senekowitschgasse"
5521;"Vorgartenstraße"
991;"Sebaldgasse"
3062;"Julius-Payer-Gasse"
880;"Kagran"
3060;"Kagraner Brücke"
2375;"Kagraner Platz"
5708;"Nestroyplatz"
3061;"Alte Donau"
997;"Doningasse"
5520;"Kaisermühlen-VIC"
5759;"Donauinsel"
3095;"Lieblgasse"
5707;"Praterstern"
3089;"Puchgasse"
1108;"Langfeldgasse"
5788;"Leopoldauer Platz"
5706;"Siebeckstraße"
1109;"Dopschstraße"
3094;"Tillmanngasse"
1110;"St.-Michael-Gasse"
5818;"Martin-Gaunersdorfer-Gasse"
2476;"Theodor-Kramer-Str."
2475;"Hochmuthgasse"
2668;"Rennbahnweg"
953;"Anton-Sattler-Gasse"
1230;"Nußdorfer Straße"
3516;"Spittelau"
5529;"Liechtenwerder Platz"
220;"Alser Straße"
5744;"Neuwaldegg"
1349;"Dornbach"
219;"Brünnlbadgasse"
2910;"Schottentor"
221;"Palffygasse"
1346;"Landesgerichtsstraße"
223;"Rosensteingasse"
217;"Lange Gasse"
1348;"Hernals"
2979;"Hernals, Wattgasse"
218;"Skodagasse"
1350;"Dornbacher Straße"
224;"Hernals, Wattgasse"
1351;"Himmelmutterweg"
222;"Elterleinplatz"
234;"Alser Straße"
233;"Palffygasse"
1356;"Dornbach"
235;"Brünnlbadgasse"
238;"Landesgerichtsstraße"
231;"Rosensteingasse"
237;"Lange Gasse"
1357;"Hernals"
236;"Skodagasse"
1355;"Dornbacher Straße"
230;"Hernals, Wattgasse"
1354;"Himmelmutterweg"
232;"Elterleinplatz"
3251;"Herzmanskystraße"
5795;"Wolf in der Au"
5793;"Utendorfgasse"
5796;"Mariabrunn Kirche"
5797;"Badgasse"
3250;"Hadersdorfer Hauptstraße"
5794;"Samptwandnergasse"
5816;"Wienflußaufsicht"
3247;"Herzmanskystraße"
5810;"Wolf in der Au"
5813;"Wolfersberggasse"
5812;"Utendorfgasse"
5799;"Mariabrunn Kirche"
5822;"Badgasse"
3248;"Hadersdorfer Hauptstraße"
5814;"Hütteldorf, Bujattigasse"
5811;"Samptwandnergasse"
2709;"Messe-Prater"
2690;"Krieau"
2705;"Leopold-Moses-Gasse"
2706;"Harkortstraße"
2708;"Erlafstraße"
2744;"Jakov-Lind-Straße"
2704;"Praterstern"
2711;"Elderschplatz"
2946;"Joseph-Roth-Gasse"
3825;"Welthandelsplatz"
2714;"Messe-Prater"
2719;"Leopold-Moses-Gasse"
2718;"Harkortstraße"
2715;"Molkereistraße"
2716;"Max-Winter-Platz"
2745;"Jakov-Lind-Straße"
3353;"Trabrennstraße"
3352;"Südportalstraße"
2948;"Joseph-Roth-Gasse"
8;"Hauptbahnhof"
3366;"Gertrude-Fröhlich-Sandner-Straße"
746;"Wilhelm-Kreß-Platz"
2089;"Florian-Hedorfer-Straße"
3367;"Sonnwendgasse"
2083;"Unter der Kirche"
734;"Mitterfeldgasse"
2144;"Weißenböckstraße"
2348;"Arsenal"
731;"Am Kanal"
743;"Am Kanal/Hasenleitengasse"
2091;"Rohrhofergasse"
744;"Gattergasse"
408;"Geiereckstraße"
2349;"Arsenalsteg"
3368;"Alfred-Adler-Straße"
2092;"Blériotgasse"
733;"Gräßlplatz"
745;"Pretschgasse"
728;"Geiselbergstraße"
2058;"Simmering"
732;"Lilienthalgasse"
2090;"Lindenbauergasse"
3371;"Hauptbahnhof Süd"
726;"Wilhelm-Kreß-Platz"
2069;"Florian-Hedorfer-Straße"
3370;"Sonnwendgasse"
2066;"Unter der Kirche"
737;"Mitterfeldgasse"
2145;"Weißenböckstraße"
700;"Arsenal"
738;"Am Kanal"
752;"Am Kanal/Hasenleitengasse"
2067;"Rohrhofergasse"
750;"Gattergasse"
418;"Geiereckstraße"
2350;"Arsenalsteg"
3369;"Alfred-Adler-Straße"
2074;"Blériotgasse"
727;"Pretschgasse"
739;"Geiselbergstraße"
740;"Lilienthalgasse"
2068;"Lindenbauergasse"
742;"Hüttenbrennergasse"
624;"Handelskai"
2420;"Stadion"
649;"Vorgartenstraße"
619;"Walcherstraße"
677;"Forsthausgasse"
647;"Jungstraße"
1204;"Muthgasse"
2975;"Pensionsversicherungsanstalt"
625;"Friedrich-Engels-Platz"
1205;"Geistingergasse"
616;"Sturgasse"
615;"Pensionisten-Wohnhaus Prater"
623;"Allerheiligengasse"
679;"Heiligenstadt"
648;"Lassallestraße"
678;"Dr.-Adolf-Schärf-Heim"
618;"Hillerstraße"
626;"Leystraße"
620;"Holubstraße"
2691;"Elderschplatz"
621;"Engerthstraße/Innstraße"
617;"Engerthstraße/Traisengasse"
591;"Handelskai"
2422;"Stadion"
3372;"Michael-Neumann-Gasse"
597;"Vorgartenstraße"
596;"Walcherstraße"
681;"Forsthausgasse"
646;"Jungstraße"
1208;"Mooslackengasse"
650;"Pensionsversicherungsanstalt"
590;"Friedrich-Engels-Platz"
2747;"Sturgasse"
5755;"Pensionisten-Wohnhaus Prater"
592;"Allerheiligengasse"
645;"Lassallestraße"
680;"Dr.-Adolf-Schärf-Heim"
598;"Hillerstraße"
609;"Leystraße"
595;"Holubstraße"
2689;"Elderschplatz"
594;"Engerthstraße/Innstraße"
593;"Engerthstraße/Traisengasse"
2177;"Winkeläckerstraße"
2377;"Josef-Baumann-Gasse"
2345;"Floridsdorf"
637;"Am Spitz"
2178;"Autokaderstraße"
2379;"Fultonstraße"
636;"Nordbrücke"
1091;"Koloniestraße"
3125;"Rußbergstraße"
2378;"Carminweg"
5726;"Strebersdorf, Edmund-Hawranek-Platz"
2176;"Hopfengasse"
2380;"Hoßplatz"
2376;"Saikogasse"
2184;"Winkeläckerstraße"
2373;"Josef-Baumann-Gasse"
2343;"Floridsdorf"
638;"Am Spitz"
2183;"Autokaderstraße"
2371;"Fultonstraße"
639;"Nordbrücke"
2186;"Koloniestraße"
3123;"Rußbergstraße"
2372;"Carminweg"
2185;"Hopfengasse"
2370;"Hoßplatz"
2374;"Saikogasse"
3779;"Siedlung Rosenhügel"
8130;"Pflaumengasse"
8131;"Tullnertalgasse"
8128;"Pensionistenwohnhaus Rosenberg"
3778;"Atzgersdorfer Straße"
3789;"Siedlung Rosenhügel"
3758;"Pflaumengasse"
3757;"Tullnertalgasse"
3790;"Atzgersdorfer Straße"
8200;"Dornbach"
8915;"Otto-Hötzl-Weg"
8914;"Predigtstuhl"
8201;"Steinmüllergasse"
8203;"Umlauftgasse"
8202;"Jenschikweg"
8204;"Spinozagasse"
8199;"Rosenackerstraße"
8207;"Jenschikweg"
8208;"Spinozagasse"
8209;"Karl-Metschl-Gasse"
607;"Stadlauer Brücke"
2694;"Schipanygasse"
2699;"Praterkai"
5829;"Winterhafen"
5826;"Dammhaufengasse"
5833;"Freudenauer Hafenbrücke"
2360;"Kaiserebersdorf, Münnichplatz"
5831;"Kraftwerk Freudenau"
3838;"Jedletzbergerstraße"
5043;"Kaiserebersdorf, Zinnergasse"
5824;"Donaumarina U, Chrastekgasse"
5825;"Aspernallee"
2536;"Praterbrücke"
2353;"Kaiserebersdorf, Dreherstr."
5827;"Grünhaufenbrücke"
5034;"Alberner Hafenzufahrtsstr."
5041;"Landwehrstraße"
5830;"Hafen Freudenau"
5828;"Freudenauer Hafenstraße"
5790;"Donaumarina"
612;"Marathonweg"
2693;"Schipanygasse"
2692;"Praterkai"
5836;"Winterhafen"
5839;"Dammhaufengasse"
2362;"Valiergasse"
5832;"Freudenauer Hafenbrücke"
5834;"Kraftwerk Freudenau"
5044;"Kaiserebersdorf, Zinnergasse"
2341;"Dreherstraße/Hoefftgasse"
611;"Praterbrücke"
5838;"Grünhaufenbrücke"
5835;"Hafen Freudenau"
5837;"Freudenauer Hafenstraße"
2361;"Hoefftgasse"
659;"Donaumarina"
190;"Martinstraße"
188;"Spitalgasse"
1310;"Türkenschanzplatz"
189;"Währinger Straße-Volksoper"
192;"Weinhauser Gasse"
191;"Aumannplatz"
5786;"Gersthof"
1213;"Schwarzspanierstraße"
177;"Kutschkergasse"
1313;"Pötzleinsdorf"
1312;"Scheibenbergstraße"
1311;"Erndtgasse"
146;"Martinstraße"
148;"Spitalgasse"
1318;"Türkenschanzplatz"
147;"Währinger Straße-Volksoper"
149;"Sensengasse"
144;"Weinhauser Gasse"
145;"Aumannplatz"
143;"Gersthof"
150;"Schwarzspanierstraße"
187;"Kutschkergasse"
1315;"Pötzleinsdorf"
1316;"Scheibenbergstraße"
1317;"Erndtgasse"
8049;"Simonsgasse"
5743;"Eßling Schule"
8035;"Eßling Friedhof"
8023;"Teiläckergasse"
3818;"Wolfgang-Mühlwanger-Str."
8026;"Zifferergasse"
3826;"Aspern Nord"
8027;"Niklas-Eslarn-Straße"
3819;"Krautackergasse"
3015;"Lehenstraße"
8029;"Gernotgasse"
8028;"Dörmanngasse"
8024;"Hänischgasse"
8006;"Eßling Friedhof"
8017;"Memlinggasse"
8015;"Wehrbrücklstraße"
8014;"Niklas-Eslarn-Straße"
8012;"Gernotgasse"
3820;"Lehenstraße"
3824;"Himmelteich"
8013;"Dörmanngasse"
1004;"Seefeldergasse"
8812;"Strebersdorf"
8800;"Segelzentrum Nord"
8784;"Jeneweingasse"
8790;"Jedlesee, Überfuhrstraße"
8791;"Jedlesee, Überfuhrstraße"
8810;"Scheydgasse/Autokaderstr."
5738;"Matthäus-Jiszda-Straße"
8799;"Schwarzlackenau"
8794;"Zallingergasse"
8792;"Meyerbeergasse"
5737;"Floridsdorf"
8807;"Vohburggasse"
8786;"Anton-Bosch-Gasse"
8780;"Frömmlgasse"
8783;"Jedlesee, Bellgasse"
8796;"Voltelinistraße"
8788;"Jedleseer Friedhof"
8782;"Dunantgasse"
8805;"Hofherr-Schrantz-Gasse"
8802;"Lohnergasse"
8813;"Stryeckgasse"
8808;"Strohbogasse"
8801;"Segelzentrum Nord"
8785;"Jeneweingasse"
8811;"Scheydgasse/Autokaderstr."
8798;"Schwarzlackenau"
8795;"Zallingergasse"
8793;"Meyerbeergasse"
8806;"Vohburggasse"
8787;"Anton-Bosch-Gasse"
8779;"Frömmlgasse"
1095;"Jedlesee, Bellgasse"
8797;"Voltelinistraße"
8789;"Jedleseer Friedhof"
1314;"Dunantgasse"
8804;"Hofherr-Schrantz-Gasse"
8803;"Lohnergasse"
1130;"Töllergasse"
1132;"Serpentingasse"
1128;"Sebastian-Kohl-Gasse"
1125;"Floridsdorf"
1120;"Floridsdorf"
1127;"Patrizigasse"
1124;"Bubergasse"
1129;"Hawlicekgasse"
1134;"Leopoldauer Platz"
1131;"Edelsteingasse"
1133;"Eipeldauer Straße"
1126;"Kefedergrundgasse"
1115;"Töllergasse"
1113;"Serpentingasse"
1117;"Sebastian-Kohl-Gasse"
1107;"Moritz-Dreger-Gasse"
1118;"Patrizigasse"
1105;"Oswald-Redlich-Straße"
1104;"Bubergasse"
1102;"Adolf-Loos-Gasse"
1116;"Hawlicekgasse"
1103;"Leopoldau"
1111;"Leopoldauer Platz"
1114;"Edelsteingasse"
1112;"Eipeldauer Straße"
1106;"Kürschnergasse"
1119;"Kefedergrundgasse"
1032;"Eßling Schule"
3319;"Seestadt"
1033;"Podlahagasse"
1038;"Eßling, Stadtgrenze"
1031;"Kirschenallee"
3320;"Christine-Touaillon-Straße"
3321;"Lannesstraße"
1034;"Englisch-Feld-Gasse"
1044;"Eßling Schule"
1043;"Podlahagasse"
1037;"Eßling, Stadtgrenze"
1045;"Kirschenallee"
3323;"Christine-Touaillon-Straße"
3322;"Lannesstraße"
1042;"Englisch-Feld-Gasse"
1014;"Seefeldergasse"
;"Hirschstetten, Süßenbrunner Str."
605;"Marathonweg"
2702;"Sturgasse"
3839;"Paul-Wagner-Gasse"
3904;"Käthe-Recheis-Gasse"
3905;"Ilse-Buck-Straße"
3360;"Johann-Kutschera-Gasse"
3359;"Hannah-Arendt-Platz"
2733;"Billgasse"
3358;"Maria-Trapp-Platz"
2734;"Mittleres Hausfeld"
3361;"An den alten Schanzen"
3357;"Seestadt"
8630;"Aspernstraße/Oberdorfstr."
3894;"Lavendelweg"
3906;"Käthe-Recheis-Gasse"
3907;"Ilse-Buck-Straße"
3362;"Johann-Kutschera-Gasse"
3363;"Hannah-Arendt-Platz"
2730;"Billgasse"
3364;"Maria-Trapp-Platz"
2732;"Mittleres Hausfeld"
8640;"An den alten Schanzen"
1025;"Aspernstraße/Oberdorfstr."
8507;"Donaustadtbrücke"
8597;"Mühlwasser"
8599;"Naufahrtbrücke"
8592;"Plattensteinergasse"
8596;"Brockhausengasse"
8598;"Großer Biberhaufen"
8601;"Rallenweg"
8603;"Zillbauerplatz"
8602;"Schillwasserweg"
8600;"Husarenweg"
8699;"Otto-Weber-Gasse"
8556;"Mühlhäufelweg"
8554;"Mühlwasser"
8552;"Naufahrtbrücke"
8583;"Kanalstraße"
8557;"Plattensteinergasse"
8555;"Brockhausengasse"
8553;"Großer Biberhaufen"
8586;"Rallenweg"
8584;"Zillbauerplatz"
8585;"Schillwasserweg"
8551;"Husarenweg"
8691;"Otto-Weber-Gasse"
1072;"Amongasse"
3317;"Fritz-Feigl-Weg"
8637;"Hausfeldstraße"
3316;"Contiweg"
2739;"Hirschstetten Ort"
1084;"Hirschstetten"
3117;"Murraygasse"
3792;"Zanggasse"
2737;"Am Heidjöchl"
3010;"Gladiolenweg"
3115;"Prinzgasse"
2736;"Hausfeldstraße"
3118;"Blumengärten Hirschstetten"
3071;"Kolletschkagasse"
8817;"Ulmenstraße"
3286;"Jägerwaldsiedlung"
8814;"Freyenthurmgasse"
3284;"Karl-Bekehrty-Str."
8816;"Campingplatz Wien-West 2"
8815;"Campingplatz Wien-West 1"
3285;"Eichbachgasse"
3283;"Hütteldorf"
3287;"Haidersberggasse"
3290;"Moschingergasse"
8831;"Freyenthurmgasse"
3288;"Nikolaus-Pytty-Gasse"
8832;"Bergmillergasse"
3289;"Knödelhüttenstraße"
8829;"Campingplatz Wien-West 2"
3291;"Haspelmeistergasse"
8830;"Campingplatz Wien-West 1"
3292;"Edenstraße"
8965;"Stock im Weg"
8955;"Tolstojgasse"
8957;"Lainz, Wolkersbergenstraße"
8961;"Joseph-Lister-Gasse"
8956;"Veitingergasse"
8943;"Verbindungsbahn"
8958;"Wlassakstraße"
8962;"Wlassakstraße"
8960;"Reischergasse"
8964;"Gemeindeberggasse"
8963;"Gobergasse"
8954;"Gogolgasse"
2296;"Ober St. Veit"
8952;"Preindlgasse"
8959;"Lafitegasse"
8970;"Ratmannsdorfgasse"
8953;"Horeischygasse"
5063;"Ober St. Veit U/F.-Boos-Gasse"
8940;"Wolfrathplatz"
8967;"Seifertstraße"
8969;"Angermayergasse"
8941;"Rohrbacherstraße"
8966;"Ghelengasse"
8968;"Einsiedeleigasse"
4111;"Stephansplatz"
4105;"Hauptbahnhof"
4107;"Taubstummengasse"
4138;"Troststraße"
4119;"Vorgartenstraße"
4127;"Kagran"
4181;"Kagraner Platz"
4115;"Nestroyplatz"
4135;"Neulaa"
4125;"Alte Donau"
4137;"Altes Landgut"
4123;"Kaisermühlen-VIC"
4101;"Reumannplatz"
4109;"Karlsplatz"
4134;"Oberlaa"
4103;"Keplerplatz"
4117;"Praterstern"
4113;"Schwedenplatz"
4136;"Alaudagasse"
4185;"Leopoldau"
4121;"Donauinsel"
4183;"Aderklaaer Straße"
4184;"Großfeldsiedlung"
4182;"Rennbahnweg"
4118;"Stephansplatz"
4124;"Hauptbahnhof"
4122;"Taubstummengasse"
4129;"Troststraße"
4110;"Vorgartenstraße"
4102;"Kagran"
4186;"Kagraner Platz"
4114;"Nestroyplatz"
4132;"Neulaa"
4104;"Alte Donau"
4130;"Altes Landgut"
4106;"Kaisermühlen-VIC"
4128;"Reumannplatz"
4120;"Karlsplatz"
4133;"Oberlaa"
4126;"Keplerplatz"
4116;"Schwedenplatz"
4112;"Praterstern"
4131;"Alaudagasse"
4190;"Leopoldau"
4108;"Donauinsel"
4188;"Aderklaaer Straße"
4189;"Großfeldsiedlung"
4187;"Rennbahnweg"
2593;"Trondheimgasse"
2595;"Aspern, Oberdorfstraße"
2558;"Josef-Baumann-Gasse"
2228;"Floridsdorf"
2189;"Floridsdorf"
2634;"Kagran"
1018;"Kagraner Brücke"
1017;"Arminenstraße"
966;"Konstanziagasse"
2596;"Polgarstraße"
1012;"Hardeggasse"
1013;"Langobardenstraße"
2594;"Kapellenweg"
1021;"Donauspital"
1016;"Donaustadtstraße"
883;"Siebeckstraße"
1015;"Erzherzog-Karl-Straße"
2556;"Prandaugasse"
2591;"Trondheimgasse"
2592;"Aspern, Oberdorfstraße"
894;"Kagraner Brücke"
1005;"Arminenstraße"
1008;"Konstanziagasse"
2601;"Polgarstraße"
1010;"Hardeggasse"
1009;"Langobardenstraße"
2590;"Kapellenweg"
1011;"Donauspital"
1006;"Donaustadtstraße"
893;"Siebeckstraße"
1007;"Erzherzog-Karl-Straße"
2566;"Prandaugasse"
1358;"Ährengrubenweg"
1185;"Obkirchergasse"
1248;"Fröschelgasse"
2961;"Barawitzkagasse"
1188;"Bellevuestraße"
1189;"Karthäuserstraße"
2960;"Gunoldstraße"
1191;"Sievering"
1192;"Sievering"
1289;"Silbergasse"
1215;"Oberdöbling"
1229;"Börnergasse"
2962;"Saarplatz"
1359;"Neustift, Agnesgasse"
1206;"Heiligenstadt"
1187;"Daringergasse"
1186;"Sauerburggasse"
1374;"Ährengrubenweg"
1193;"Obkirchergasse"
1249;"Fröschelgasse"
2988;"Barawitzkagasse"
1195;"Bellevuestraße"
1194;"Karthäuserstraße"
2989;"Gunoldstraße"
2986;"Silbergasse"
1226;"Oberdöbling"
1266;"Börnergasse"
2987;"Saarplatz"
1196;"Daringergasse"
1197;"Sauerburggasse"
1275;"Sternwartestraße"
1285;"Döblinger Friedhof/Felix-Dahn-Str."
1274;"Währinger Straße-Volksoper"
1273;"Nußdorfer Straße/Alserbachstraße"
1290;"Peter-Jordan-Straße"
1272;"Bauernfeldplatz"
1271;"Berggasse"
1291;"Borkowskigasse"
1276;"Gymnasiumstraße"
1303;"Schottentor"
1280;"Gregor-Mendel-Straße"
1279;"Cottagegasse"
2966;"Dänenstraße"
1281;"Linnéplatz"
1325;"Liechtensteinstr./Schottentor"
1298;"Sternwartestraße"
1296;"Währinger Park"
1299;"Währinger Straße-Volksoper"
383;"Nußdorfer Straße/Alserbachstraße"
1301;"Bauernfeldplatz"
1302;"Berggasse"
1297;"Gymnasiumstraße"
1294;"Gregor-Mendel-Straße"
1270;"Börse"
1295;"Cottagegasse"
1282;"Dänenstraße"
1284;"Döblinger Friedhof"
1293;"Linnéplatz"
1283;"Hugo-Wolf-Park"
3827;"Barthgasse"
3828;"Hermine-Jursa-Gasse"
3829;"Maria-Jacobi-Gasse"
3830;"Neu Marx"
2146;"Rustenschacherallee"
2430;"Klaschkaweg"
2104;"Wittelsbachstraße"
2103;"Josef-Gall-Gasse"
2101;"Vivariumstraße"
2105;"Friedensgasse"
2100;"Praterstern"
2102;"Kurzbauergasse"
2672;"Schlachthausgasse"
2108;"Schüttelstraße"
2106;"Lukschgasse"
2505;"Ludwig-Koeßler-Platz"
3832;"Hermine-Jursa-Gasse"
3831;"Maria-Jacobi-Gasse"
2114;"Wittelsbachstraße"
2115;"Josef-Gall-Gasse"
2117;"Franzensbrücke"
2113;"Friedensgasse"
3833;"Baumgasse"
2116;"Kurzbauergasse"
3834;"Schlachthausgasse"
2111;"Schüttelstraße"
2112;"Lukschgasse"
2504;"Ludwig-Koeßler-Platz"
2633;"Stranitzkygasse"
1769;"Theergasse"
1719;"Wattmanng./Elisabethallee"
1707;"Montecuccoliplatz"
1772;"Weißenthurngasse"
1777;"Am Fasangarten"
1770;"Gatterhölzl"
1773;"Gaßmannstraße"
1729;"Küniglberg/ORF-Zentrum"
500;"Meidling"
1700;"Klimtgasse"
1774;"Graf-Seilern-Gasse"
2567;"Meidling S+U, Eichenstraße"
1832;"Hohenbergstraße"
1771;"Hohenfelsplatz"
1787;"Stranitzkygasse"
1788;"Theergasse"
1783;"Edelsinnstraße"
1799;"Montecuccoliplatz"
1785;"Weißenthurngasse"
1820;"Am Fasangarten"
1784;"Gaßmannstraße"
1722;"Küniglberg/ORF-Zentrum"
518;"Meidling"
1733;"Klimtgasse"
1795;"Hohenbergstraße"
1786;"Hohenfelsplatz"
4842;"Absbergbrücke"
3914;"An der Kuhtrift"
3796;"Gartenschaugasse"
2994;"Theodor-Sickel-Gasse"
3795;"Filmteichstraße"
2990;"Waldgasse"
2993;"Urselbrunnengasse"
2007;"Reumannplatz"
3387;"Oberlaa"
793;"Siedlung Südost"
3797;"Bergtaidingweg"
2996;"Kronawettergasse"
4804;"Quellenplatz"
2992;"Eisenstadtplatz"
2629;"Absbergbrücke"
3799;"Gartenschaugasse"
3016;"Theodor-Sickel-Gasse"
3013;"Filmteichstraße"
3017;"Urselbrunnengasse"
2579;"Reumannplatz"
802;"Siedlung Südost"
3798;"Bergtaidingweg"
3014;"Kronawettergasse"
3018;"Eisenstadtplatz"
5067;"Seitenhafenbrücke"
5843;"Seitenhafenstraße"
5005;"Alberner Hafenzufahrtsstraße West"
5840;"Hellingstraße"
5004;"Margetinstraße"
2537;"Aspernallee/Schule"
2535;"Aspernallee/Schule"
5068;"Seitenhafenbrücke"
5841;"Seitenhafenstraße"
5022;"Alberner Hafenzufahrtsstraße West"
5021;"Alberner Hafenzufahrtsstr."
5842;"Hellingstraße"
2139;"Lusthaus/Aspernallee"
5023;"Margetinstraße"
79;"Schottenring"
46;"Schottentor"
48;"Parlament"
51;"Oper/Karlsplatz U"
50;"Burgring"
47;"Rathausplatz/Burgtheater"
45;"Börse"
49;"Ring/Volkstheater U"
16;"Parlament"
13;"Oper/Karlsplatz U"
19;"Börse"
31;"Bösendorferstraße/Karlsplatz U"
4423;"Stadtpark"
4413;"Meidling HauptstraÃŸe"
4405;"Unter St. Veit"
4411;"Schönbrunn"
4429;"Schottenring"
4433;"Friedensbrücke"
4421;"Karlsplatz"
4417;"Pilgramgasse"
4407;"Braunschweiggasse"
4419;"Kettenbrückengasse"
4403;"Ober St. Veit"
4427;"Schwedenplatz"
4425;"Wien Mitte-Landstraße"
4431;"Roßauer Lände"
4435;"Heiligenstadt"
4439;"Spittelau"
4409;"Hietzing"
4437;"LÃ¤ngenfeldgasse"
4401;"Hütteldorf"
4415;"Margaretengürtel"
4414;"Stadtpark"
4424;"Meidling HauptstraÃŸe"
4432;"Unter St. Veit"
4426;"Schönbrunn"
4408;"Schottenring"
4404;"Friedensbrücke"
4416;"Karlsplatz"
4420;"Pilgramgasse"
4418;"Kettenbrückengasse"
4434;"Ober St. Veit"
4430;"Braunschweiggasse"
4410;"Schwedenplatz"
4412;"Wien Mitte-Landstraße"
4406;"Roßauer Lände"
4402;"Heiligenstadt"
4440;"Spittelau"
4428;"Hietzing"
4438;"LÃ¤ngenfeldgasse"
4436;"Hütteldorf"
4422;"Margaretengürtel"
8875;"Eselstiege"
8874;"Wallishaussergasse"
8884;"Mitterberg"
8881;"Siedlung Heuberg"
8880;"Plachygasse"
8877;"Kretschekgasse"
8873;"Braungasse"
8882;"Veletaweg"
8878;"Schrammelgasse"
8883;"Grasgasse"
8876;"Röntgengasse"
8869;"Hernals"
8879;"Heuberg"
8872;"Heuberggasse"
8891;"Eselstiege"
8892;"Wallishaussergasse"
8885;"Grabengasse"
8886;"Moosgasse"
8887;"Plachygasse"
8889;"Kretschekgasse"
8893;"Braungasse"
8896;"Dornbach"
8890;"Röntgengasse"
8895;"Dornbacher Straße"
8888;"Heuberg"
8894;"Heuberggasse"
282;"Eslarngasse"
254;"Hintzerstraße"
2628;"St. Marx"
338;"Weyrgasse"
296;"Rochusgasse"
281;"Barichgasse"
289;"Grasbergergasse"
253;"Wien Mitte-Landstraße"
283;"Rabengasse"
6051;"St. Marx/Leberstraße"
268;"Stubentor"
290;"Hofmannsthalgasse"
287;"Viehmarktgasse"
295;"Eslarngasse"
267;"Hintzerstraße"
298;"Weyrgasse"
297;"Rochusgasse"
266;"Barichgasse"
259;"Wien Mitte-Landstraße"
294;"Rabengasse"
291;"Stubentor"
292;"Petrusgasse"
663;"Strozzigasse"
39;"Hauptbahnhof"
682;"Esterházygasse"
662;"Lederergasse"
665;"Westbahnstraße/Neubaugasse"
673;"Johann-Strauß-Gasse"
671;"Ziegelofengasse"
664;"Burggasse/Neubaugasse"
675;"Belvederegasse"
688;"Neubaugasse"
668;"Haus des Meeres"
669;"Pilgramgasse"
676;"Kolschitzkygasse"
661;"Laudongasse"
674;"Rainergasse"
672;"Leibenfrostgasse"
660;"Skodagasse"
670;"Margaretenplatz/Schönbrunner Straße"
773;"Esterházygasse"
707;"Theater in der Josefstadt"
695;"Johann-Strauß-Gasse"
691;"Mommsengasse"
697;"Ziegelofengasse"
692;"Argentinierstraße"
40;"Karl-Popper-Straße"
3529;"Burggasse/Neubaugasse"
702;"Neubaugasse"
706;"Piaristengasse"
699;"Pilgramgasse"
693;"Kolschitzkygasse"
705;"Kellermanngasse"
708;"Laudongasse"
694;"Rainergasse"
696;"Leibenfrostgasse"
698;"Margaretenplatz/Schönbrunner Straße"
2746;"Hillerstraße"
2553;"Grundäckergasse"
2236;"Stockholmer Platz"
1988;"Johann-Friedl-Gasse"
1523;"Unterlaa"
1989;"Unterlaaer Straße"
2912;"Weidelstraße"
1975;"Kurt-Tichy-Gasse"
2931;"Neulaa"
1985;"Bischofgasse"
1987;"Oberlaaer Platz"
2900;"Alaudagasse"
1986;"Leopoldsdorfer Straße"
2909;"Himberger Straße"
2929;"Himberger Straße"
1990;"Sebastianbrücke"
1984;"Hämmerlegasse"
2554;"Grundäckergasse"
3190;"Stockholmer Platz"
1994;"Johann-Friedl-Gasse"
1993;"Unterlaaer Straße"
2928;"Weidelstraße"
1976;"Kurt-Tichy-Gasse"
2930;"Neulaa"
1997;"Bischofgasse"
1995;"Oberlaaer Platz"
1996;"Leopoldsdorfer Straße"
1992;"Sebastianbrücke"
1998;"Hämmerlegasse"
3232;"Linzer Straße/Flötzersteig"
3230;"Cossmanngasse"
3231;"Deutschordenstraße"
3234;"Wahlberggasse"
3235;"Henckellgasse"
3236;"Hüttelberg"
1459;"Rettichgasse"
1460;"Rosentalgasse"
5697;"Hütteldorf"
3241;"Bahnhofstraße"
3237;"Henckellgasse"
3238;"Steinböckengasse"
1464;"Rettichgasse"
3239;"Rosentalgasse"
2991;"Reumannplatz"
5065;"Oberlaa"
3027;"Waldgasse"
1070;"Hirschstetten Ort"
1079;"Hirschstetten, Süßenbrunner Str."
5823;"Frederick-Loewe-Weg"
1086;"Pogrelzstraße"
1087;"Afritschgasse"
4261;"Taborstraße"
4259;"Messe-Prater"
4258;"Krieau"
4257;"Stadion"
4254;"Stadlau"
4256;"Donaustadtbrücke"
4251;"Aspernstraße"
4278;"Aspern Nord"
4201;"Schottenring"
4203;"Schottentor"
4277;"Seestadt"
4260;"Praterstern"
4253;"Hardeggasse"
4279;"Hausfeldstraße"
4252;"Donauspital"
4255;"Donaumarina"
4262;"Taborstraße"
4264;"Messe-Prater"
4265;"Krieau"
4266;"Stadion"
4269;"Stadlau"
4267;"Donaustadtbrücke"
4272;"Aspernstraße"
4275;"Aspern Nord"
4214;"Schottenring"
4212;"Schottentor"
4276;"Seestadt"
4270;"Hardeggasse"
4263;"Praterstern"
4274;"Hausfeldstraße"
4271;"Donauspital"
4268;"Donaumarina"
3882;"Ferdinand-Platzer-Gasse"
3884;"Kaisergrund/Franz-Sebek-Straße"
3451;"Paukerwerkstraße"
1081;"Felmayergasse"
1097;"Hertha-Kräftner-Gasse"
2954;"Julius-Ficker-Straße"
1101;"Dopschstraße"
1184;"Egon-Friedell-Gasse"
3166;"Franz-Sebek-Straße"
2937;"Aderklaaer Straße"
1076;"Großfeldsiedlung"
3883;"Ferdinand-Platzer-Gasse"
3885;"Kaisergrund/Franz-Sebek-Straße"
3452;"Paukerwerkstraße"
1305;"Felmayergasse"
1098;"Hertha-Kräftner-Gasse"
2936;"Julius-Ficker-Straße"
1304;"Egon-Friedell-Gasse"
3104;"Franz-Sebek-Straße"
2616;"Mühlweg"
1167;"Kainachgasse"
2437;"Toni-Fritsch-Weg"
3466;"Neu Leopoldau"
988;"Steinamangergasse"
987;"Steinamangergasse"
3124;"Strebersdorf"
1183;"Strebersdorfer Platz"
1169;"Illgasse"
1165;"Lafnitzgasse"
986;"Großjedlersdorf, Jochbergengasse"
983;"Großjedlersdorf, Jochbergengasse"
3122;"Meriangasse"
3101;"Mayerweckstraße"
1172;"Grellgasse"
984;"Ödenburger Straße/Schulzentrum"
985;"Ödenburger Straße/Schulzentrum"
989;"Anton-Böck-Gasse"
1175;"Schippergasse"
1180;"Bernreiterplatz"
1265;"Bernreiterplatz"
1179;"Berzeliusgasse"
2443;"Brünner Straße/Hanreitergasse"
2614;"Siemensstraße"
1150;"Großjedlersdorf"
1177;"Großjedlersdorf"
2444;"Großjedlersdorf"
3100;"Haspingerplatz"
3224;"Haspingerplatz"
1145;"Ruthnergasse"
1168;"Achengasse"
1173;"Allissen"
1166;"Pulkaugasse"
5225;"Lavantgasse/Schule"
1182;"Ratzenhofergasse"
1170;"Dahliengasse"
1164;"Leopoldau"
2663;"Leopoldau"
1178;"Skraupstraße"
1171;"Draugasse"
978;"Strebersdorf, Edmund-Hawranek-Platz"
1174;"Kollarzgasse"
1122;"Mitterhofergasse"
982;"Mitterhofergasse"
2617;"Mühlweg"
2438;"Toni-Fritsch-Weg"
2445;"Jedlersdorfer Platz"
979;"Strebersdorfer Platz"
1158;"Illgasse"
1146;"Scottgasse"
1155;"Grellgasse"
1147;"Justgasse"
1152;"Schippergasse"
981;"Bernreiterplatz"
1149;"Berzeliusgasse"
2448;"Brünner Straße/Hanreitergasse"
1159;"Achengasse"
1154;"Allissen"
1160;"Lavantgasse/Schule"
1181;"Ratzenhofergasse"
1157;"Dahliengasse"
1156;"Draugasse"
3126;"Strebersdorf, Edmund-Hawranek-Platz"
1153;"Kollarzgasse"
1148;"Skraupstraße/Justgasse"
8927;"Wilhelminenberg"
8922;"Paulinensteig"
8921;"Kollburggasse"
8923;"Kempfengerngasse"
8924;"Otto-Hötzl-Weg"
8926;"Predigtstuhl"
8920;"Sandleitengasse"
8933;"Steinlegasse"
8930;"Hansl-Schmid-Weg"
8911;"Feuerwache Am Steinhof"
8934;"Ottakringer Friedhof"
8932;"Ottakringer Bad"
8931;"Pönningerweg"
8929;"Hertlgasse"
8928;"Savoyenstr."
181;"Matschgasse"
138;"Cumberlandstraße"
151;"Montleartstraße"
180;"Flötzersteigbrücke"
178;"Ameisbachzeile"
139;"Ameisgasse"
153;"Braillegasse"
182;"Ottakringer Bad"
155;"Burgersteingasse"
179;"Lebingergasse"
137;"Hietzing"
140;"Leyserstraße"
2660;"Hanusch-Krankenhaus"
183;"Matschgasse"
159;"Cumberlandstraße"
156;"Montleartstraße"
184;"Flötzersteigbrücke"
186;"Ameisbachzeile"
158;"Ameisgasse"
154;"Braillegasse"
152;"Burgersteingasse"
185;"Lebingergasse"
157;"Leyserstraße"
2621;"Akademietheater"
1484;"Ziehrerplatz"
1483;"Ungargasse/Neulinggasse"
1495;"Rochusgasse"
1493;"Am Modenapark"
1490;"Karlsplatz"
1496;"Geusaugasse"
1491;"Schwarzenbergplatz"
1485;"Rasumofskygasse"
1492;"Lisztstraße"
2622;"Akademietheater"
1488;"Ziehrerplatz"
1489;"Ungargasse/Neulinggasse"
1498;"Rochusgasse"
1499;"Am Modenapark"
1502;"Karlsplatz"
1501;"Schwarzenbergplatz"
1497;"Rasumofskygasse"
171;"Löwengasse"
1500;"Lisztstraße"
2885;"Schanzstraße/Akkonplatz"
1585;"Stiegergasse"
771;"Reinprechtsdorfer Brücke"
754;"Reinprechtsdorfer Straße/Arbeitergasse"
3139;"Fendigasse"
2618;"Johnstraße"
76;"Mauthausgasse"
3158;"Schmelzbrücke"
3133;"Am Hundsturm"
3132;"Gaudenzdorfer Gürtel"
3164;"Grenzgasse"
3131;"Korbergasse"
3159;"Mariahilfer Straße/Geibelgasse"
2881;"Auf der Schmelz"
3160;"Henriettenplatz"
3157;"Schweglerstraße"
3151;"Eichenstraße"
3162;"LÃ¤ngenfeldgasse"
3140;"Embelgasse"
1474;"Huglgasse"
1684;"Margaretenplatz"
2880;"Schmelz, Gablenzgasse"
1427;"Schmelz, Gablenzgasse"
2884;"Schanzstraße/Akkonplatz"
3148;"Steinhagegasse"
3152;"Stiegergasse"
753;"Reinprechtsdorfer Brücke"
769;"Fendigasse"
1449;"Johnstraße"
2883;"Minciostraße"
3141;"Siebenbrunnenfeldgasse"
3144;"Siebenbrunnengasse"
3155;"Schmelzbrücke"
3146;"Am Hundsturm"
3149;"Arndtstraße"
1699;"Bacherplatz"
3147;"Gaudenzdorfer Gürtel"
651;"Pfenninggeldgasse"
751;"Pilgramgasse"
772;"Bezirksamt Margareten"
3163;"Grenzgasse"
3145;"Kohlgasse"
3154;"Mariahilfer Straße/Geibelgasse"
3153;"Henriettenplatz"
3156;"Schweglerstraße"
3130;"LÃ¤ngenfeldgasse"
1448;"Huglgasse"
2915;"Stephansplatz"
2906;"Renngasse"
2907;"Helferstorferstr."
2905;"Schwertgasse"
2904;"Hoher Markt"
2911;"Teinfaltstraße"
2926;"Michaelerplatz"
2944;"Brandstätte"
2914;"Graben/Petersplatz"
2945;"Habsburgergasse"
2938;"Herrengasse"
757;"Evangelischer Friedhof"
756;"Matzleinsdorfer Platz"
755;"Fendigasse"
758;"Sonnleithnergasse"
760;"Wielandplatz"
764;"Reumannplatz"
666;"Neubaugasse"
761;"Laxenburger Str./Gudrunstr."
762;"Keplerplatz"
749;"Scalagasse"
759;"Erlachplatz"
5410;"Spengergasse"
1659;"Scheugasse"
768;"Matzleinsdorfer Platz"
767;"Sonnleithnergasse"
765;"Laxenburger Str./Gudrunstr."
748;"Keplerplatz"
766;"Erlachplatz"
8771;"Strandbad Alte Donau"
8767;"Alte Donau"
8773;"Arbeiterinnenstrandbad"
8732;"Angelibad"
8769;"Bundessportbad"
8754;"Neue Donau"
8772;"Strandbad Alte Donau"
8768;"Alte Donau"
8774;"Arbeiterinnenstrandbad"
8734;"Angelibad"
8770;"Bundessportbad"
5235;"Neue Donau"
2631;"Konstanziagasse"
8103;"Hardeggasse"
5705;"Langobardenstraße"
5227;"Erzherzog-Karl-Straße"
3356;"Vernholzgasse"
8104;"Hardeggasse"
8098;"Langobardenstraße"
3228;"Ernanigasse"
2612;"Halban-Kurz-Straße"
3222;"Inzersdorf, Birostraße"
3223;"Birostraße Mitte"
3178;"Sulzengasse"
1953;"Inzersdorf, Großmarkt"
2138;"Jochen-Rindt-Straße"
2142;"Tenschertstraße"
1939;"Troststraße"
789;"Altes Landgut"
2234;"Altes Landgut"
404;"Reumannplatz"
1945;"Siedlung Blumental"
2137;"Kolbegasse"
3181;"Oberlaaer Straße"
3722;"Großmarktstraße"
2079;"Kronfußgasse"
2932;"Alaudagasse"
2143;"Laxenburger Str./Heizwerkstr."
3177;"Himberger Straße"
2571;"Heizwerkstraße"
3180;"Sulzengasse"
2251;"Troststraße"
806;"Altes Landgut"
2249;"Altes Landgut"
1969;"Siedlung Blumental"
3403;"Großmarktstraße"
3170;"Alaudagasse"
5746;"Nußdorf"
826;"Heiligenstadt"
5763;"Glatzgasse"
1851;"Steinsee"
5680;"Talpagasse"
2545;"Alterlaa"
1854;"Meischlgasse"
5682;"Siebenhirten"
1855;"Erlaaer Spitz"
1856;"Hetmanekgasse"
1853;"Goldhammergasse"
1852;"Rossakgasse"
1566;"Zouvalgasse"
5758;"Siebenhirten, Basler Gasse"
1806;"Steinsee"
1866;"Meischlgasse"
1865;"Erlaaer Spitz"
1897;"Perfektastraße"
1568;"Hetmanekgasse"
1867;"Goldhammergasse"
1868;"Rossakgasse"
1567;"Zouvalgasse"
5544;"Jedlersdorf"
5536;"Trillergasse"
1062;"Koloniestraße"
1061;"Bunsengasse"
990;"Carabelligasse"
1060;"Dunantgasse"
5535;"Lokomotivgasse"
1089;"Jedlersdorf"
1088;"Trillergasse"
1094;"Anton-Störck-Gasse"
994;"Marco-Polo-Promenade"
1093;"Obergfellplatz"
993;"Schwanngasse"
1064;"Haspingerplatz"
1092;"Hopfengasse"
1090;"Lokomotivgasse"
1319;"Carabelligasse/Ruthnergasse"
8905;"Steinlegasse"
8908;"Hansl-Schmid-Weg"
8910;"Feuerwache Am Steinhof"
8913;"Wilhelminenberg"
8906;"Ottakringer Bad"
8907;"Pönningerweg"
8909;"Hertlgasse"
8912;"Savoyenstr."
563;"Maroltingergasse"
8917;"Paulinensteig"
8918;"Kollburggasse"
8916;"Kempfengerngasse"
8919;"Sandleitengasse"
3264;"Wolfersberg, Schöffelplatz"
3271;"Pfarrwiesenstraße"
3268;"Josef-Ressel-Straße"
3272;"Mondweg"
3274;"Freesienweg"
3270;"Riedstraße"
3269;"Oskar-Simony-Straße"
3273;"Alois-Behr-Straße"
3276;"Samptwandnergasse"
3275;"Hütteldorfer Friedhof"
3267;"Hüttergasse"
3265;"Korngoldgasse"
3297;"Ammerweg"
3298;"Siedlung Kordon"
3293;"Dostgasse"
3294;"Elsbeergasse"
3296;"Hänflingweg"
3309;"Jubiläumswarte"
3299;"Feuerwache Am Steinhof"
3307;"Ulmenstraße"
3301;"Ammerweg"
3303;"Günselgasse"
3300;"Siedlung Kordon"
3306;"Kerbelgasse"
3305;"Dostgasse"
3304;"Elsbeergasse"
3302;"Hänflingweg"
8949;"Innocentiagasse"
8947;"Wolfrathplatz"
8950;"Seuttergasse"
8944;"Verbindungsbahn"
8951;"Pfeiffenbergergasse"
8946;"Rohrbacherstraße"
8945;"Preindlgasse"
8948;"Schweizertalstraße"
8935;"Hütteldorf"
8938;"Innocentiagasse"
8937;"Seuttergasse"
8936;"Pfeiffenbergergasse"
8942;"Preindlgasse"
8939;"Schweizertalstraße"
3443;"Melchartgasse"
3738;"Preyergasse"
3812;"Jenbachgasse"
3741;"Strampfergasse"
3813;"Kleiner Ring"
3773;"Lainzer Tor"
3740;"Speising, Hermesstraße"
3742;"Dr.-Schober-Straße"
3739;"Hofwiesengasse"
3737;"St.-Hemma-Kirche"
3444;"Melchartgasse"
3775;"Preyergasse"
3815;"Jenbachgasse"
3772;"Strampfergasse"
3814;"Kleiner Ring"
5687;"Speising, Hermesstraße"
3816;"Dr.-Schober-Straße"
3774;"Hofwiesengasse"
3776;"St.-Hemma-Kirche"
4836;"Kurpark Nordosteingang"
2997;"Filmteichstraße"
3012;"Kurpark Nordeingang"
4837;"Hederichgasse"
4838;"Burgenlandgasse"
2463;"Stallarngasse"
2464;"Süßenbrunn"
940;"Süßenbrunner Platz"
943;"Bettelheimstraße"
2462;"Bettelheimstraße"
3039;"Weingartenallee"
3040;"Sportpark Süßenbrunn"
2465;"Stallarngasse"
2749;"Bettelheimstraße"
2466;"Bettelheimstraße"
4643;"Handelskai"
4621;"Thaliastraße"
4638;"Alterlaa"
4640;"Tscherttegasse"
4625;"Währinger Straße-Volksoper"
4622;"Josefstädter Straße"
4624;"Michelbeuern-AKH"
4635;"Siebenhirten"
4645;"Floridsdorf"
4619;"Westbahnhof"
4616;"Niederhofstraße"
4636;"Perfektastraße"
4639;"Am Schöpfwerk"
4626;"Nußdorfer Straße"
4615;"Meidling"
4618;"Gumpendorfer Straße"
4620;"Burggasse-Stadthalle"
4623;"Alser Straße"
4627;"Spittelau"
4642;"Dresdner Straße"
4617;"LÃ¤ngenfeldgasse"
4637;"Erlaaer Straße"
4641;"Jägerstraße"
4644;"Neue Donau"
4608;"Thaliastraße"
4631;"Alterlaa"
4629;"Tscherttegasse"
4604;"Währinger Straße-Volksoper"
4607;"Josefstädter Straße"
4605;"Michelbeuern-AKH"
4646;"Floridsdorf"
4610;"Westbahnhof"
4606;"Alser Straße"
4613;"Niederhofstraße"
4633;"Perfektastraße"
4630;"Am Schöpfwerk"
4603;"Nußdorfer Straße"
4634;"Siebenhirten"
4614;"Meidling"
4611;"Gumpendorfer Straße"
4609;"Burggasse-Stadthalle"
4651;"Spittelau"
4649;"Dresdner Straße"
4612;"LÃ¤ngenfeldgasse"
4632;"Erlaaer Straße"
4650;"Jägerstraße"
4647;"Neue Donau"
4648;"Handelskai"
8860;"Höhenstraße/Rohrerwiese"
8854;"Neuwaldegger Straße"
8821;"Artariastraße"
8856;"Marswiese"
8857;"Promenadeweg"
8855;"Geroldgasse"
8822;"Keylwerthgasse"
8859;"Dreimarkstein"
859;"Cobenzl Parkplatz"
8858;"Obere Waldandacht"
8861;"Höhenstraße/Rohrerwiese"
8868;"Neuwaldegger Straße"
8824;"Artariastraße"
8866;"Marswiese"
8864;"Promenadeweg"
8867;"Geroldgasse"
8865;"Keylwerthgasse"
8862;"Dreimarkstein"
8863;"Obere Waldandacht"
1589;"Siebeneichengasse"
4840;"Laimgrubengasse"
1578;"Stiegergasse"
1574;"Esterházygasse"
1582;"Anschützgasse"
2722;"Fünfhausgasse"
1579;"Grimmgasse"
1571;"Getreidemarkt"
1573;"Haus des Meeres"
1575;"Brückengasse"
1577;"Gumpendorfer Straße"
1572;"Stiegengasse"
1570;"Burgring"
1576;"Sonnenuhrgasse"
1593;"Hirschengasse"
1581;"Hollergasse"
1569;"Museumsquartier"
4841;"Laimgrubengasse"
1580;"Weiglgasse"
2723;"Fünfhausgasse"
1584;"Grimmgasse"
1592;"Getreidemarkt"
1590;"Haus des Meeres"
1588;"Brückengasse"
1586;"Gumpendorfer Straße"
1591;"Stiegengasse"
1587;"Sonnenuhrgasse"
1594;"Hirschengasse"
1583;"Hollergasse"
1687;"Reinprechtsdorfer Straße/Arbeitergasse"
1640;"Dörfelstraße"
2639;"Ziegelofengasse"
1690;"Wolfganggasse/Steinbauergasse"
1689;"Arbeitergasse/Gürtel"
1692;"Aßmayergasse"
1686;"Bacherplatz"
1683;"Meidling"
1685;"Hans-Mandl-Berufsschule"
1678;"Oper/Karlsplatz U"
1682;"Preßgasse"
1679;"Bärenmühldurchgang"
3200;"Meidling S+U, Eichenstraße"
1681;"Schleifmühlgasse"
1688;"Einsiedlerplatz"
1698;"Reinprechtsdorfer Straße/Arbeitergasse"
1695;"Wolfganggasse/Steinbauergasse"
1696;"Arbeitergasse/Gürtel"
1693;"Aßmayergasse"
1680;"Karlsplatz"
1694;"Hans-Mandl-Berufsschule"
1703;"Preßgasse"
1704;"Bärenmühldurchgang"
1702;"Schönbrunner Straße/Kettenbrückengasse"
1697;"Einsiedlerplatz"
1701;"Margaretenplatz/Schönbrunner Straße"
239;"Hainburger Straße"
2675;"Pierre-de-Coubertin-Platz"
2632;"Stadionbad"
2502;"Eslarngasse"
2431;"Klaschkaweg"
2500;"Rennweg"
2418;"Ernst-Happel-Stadion"
2501;"Klinik Landstraße"
256;"Apostelgasse"
257;"Kardinal-Nagl-Platz"
4824;"Lusthaus"
258;"Lechnerstraße"
1503;"Schlachthausgasse"
2131;"Schüttelstraße"
2135;"Lusthaus/Aspernallee"
2523;"Erdbergstr./Schlachthausgasse"
2676;"Pierre-de-Coubertin-Platz"
2750;"Stadionbad"
2424;"Ernst-Happel-Stadion"
263;"Kardinal-Nagl-Platz"
280;"Kleistgasse"
344;"Oberzellergasse"
264;"Rabengasse"
262;"Lechnerstraße"
960;"Schlachthausgasse"
265;"Klimschgasse"
1353;"Neuwaldegg"
4737;"Neuwaldegg"
1345;"Schottentor"
225;"Hernals, Wattgasse"
2977;"Wilhelminenstraße"
1792;"Meidling HauptstraÃŸe"
900;"Johnstraße"
2967;"Türkenschanzplatz"
723;"Schönbrunn"
901;"Johnstraße/Märzstraße"
725;"Schloss Schönbrunn"
1764;"Niederhofstraße"
2970;"Richthausenstraße"
2963;"Silbergasse"
2968;"Gersthof"
2978;"Familienplatz"
2953;"Possingergasse"
2971;"Schuhmeierplatz"
1791;"Rotenmühlgasse"
2965;"Chimanistraße"
2969;"Czartoryskigasse"
2973;"Hernals, Wattgasse"
2972;"Albrechtskreithgasse"
902;"Linzer Straße/Johnstraße"
898;"Johnstr./Schuselkagasse"
656;"Wilhelminenstraße"
1766;"Meidling HauptstraÃŸe"
2887;"Johnstraße"
2982;"Türkenschanzplatz"
724;"Schönbrunn"
882;"Johnstraße/Märzstraße"
852;"Schloss Schönbrunn"
2976;"Richthausenstraße"
722;"Bischoffgasse"
2983;"Blaasstraße"
2981;"Gersthof"
654;"Familienplatz"
653;"Schuhmeierplatz"
2984;"Hardtgasse"
2877;"Auf der Schmelz"
2980;"Czartoryskigasse"
657;"Albrechtskreithgasse"
879;"Linzer Straße/Johnstraße"
2878;"Schmelz, Gablenzgasse"
3351;"Renngasse"
3350;"Tiefer Graben"
2920;"Schwarzenbergplatz"
2901;"Kärntner Straße"
2941;"Rudolfsplatz"
2899;"Albertinaplatz"
2934;"Schwedenplatz"
43;"Salztorbrücke"
2935;"Plankengasse"
2923;"Oper/Karlsplatz U"
2933;"Rotenturmstraße"
2924;"Albertinaplatz"
2940;"Schottenring"
2916;"Riemergasse"
2942;"Concordiaplatz"
2917;"Stubentor"
2922;"Hoher Markt"
2925;"Salzgries"
2903;"Stephansplatz"
2902;"Riemergasse"
2947;"Börse"
8682;"Aspernstraße"
2738;"Löschniggasse"
2731;"Löschniggasse"
5669;"Westbahnhof"
5611;"Dommayergasse"
2458;"Mantlergasse"
2269;"Unter St. Veit"
5658;"Westbahnhof"
2397;"Tandelmarktgasse"
2949;"Traisengasse"
2401;"Wasnergasse"
2395;"Nestroyplatz"
3003;"Gaußplatz"
2400;"Karl-Meißl-Straße"
2396;"Karmeliterplatz"
2399;"Obere Augartenstraße"
2402;"Brigittagasse"
667;"Griegstraße"
627;"Aignerstraße"
388;"Rauscherstraße"
2955;"Dammstraße"
2951;"Dresdner Straße"
2952;"Lorenz-Böhler-Unfallkrankenhaus"
2398;"Leopoldsgasse"
2577;"Johannes-von-Gott-Platz"
2390;"Tandelmarktgasse"
2394;"Traisengasse"
3374;"Malzgasse"
2385;"Wasnergasse"
2387;"Gaußplatz"
2386;"Karl-Meißl-Straße"
2391;"Karmeliterplatz"
2392;"Glockengasse"
2388;"Obere Augartenstraße"
2383;"Brigittagasse"
2393;"Nestroyplatz/Praterstraße"
608;"Aignerstraße"
349;"Rauscherstraße"
2958;"Dammstraße"
2957;"Dresdner Straße"
2956;"Lorenz-Böhler-Unfallkrankenhaus"
2389;"Leopoldsgasse"
622;"Engerthstraße/Traisengasse"
2382;"Pasettistraße"
8818;"Schottenwald"
8819;"Hanslteich"
8820;"Schwarzenbergallee"
8827;"Schottenwald"
8826;"Hanslteich"
8825;"Schwarzenbergallee"
8823;"Keylwerthgasse"
2160;"Schottenring"
2161;"Obere Donaustraße"
2162;"Obere Augartenstraße"
2163;"Gaußplatz"
2164;"Klosterneuburger Straße/Wallensteinstraße"
2165;"Gerhardusgasse"
2166;"Wexstraße"
2167;"Jägerstraße"
2168;"Höchstädtplatz"
2169;"Friedrich-Engels-Platz"
2158;"Floridsdorfer Brücke"
2170;"Hubertusdamm"
2171;"Matthäus-Jiszda-Straße"
2172;"Floridsdorf"
2205;"Floridsdorfer Markt"
2192;"Bahnsteggasse"
2206;"Brünner Straße"
2207;"Shuttleworthstraße"
2208;"Großjedlersdorf"
2201;"Carabelligasse"
2209;"Brünner Straße/Hanreitergasse"
2227;"Empergergasse"
2210;"Anton-Schall-Gasse"
2211;"Van-Swieten-Kaserne"
2212;"Stammersdorf"
2216;"Van-Swieten-Kaserne"
2217;"Anton-Schall-Gasse"
2226;"Empergergasse"
2218;"Brünner Straße/Hanreitergasse"
2200;"Carabelligasse"
2219;"Großjedlersdorf"
2220;"Shuttleworthstraße"
2221;"Brünner Straße"
2213;"Bahnsteggasse"
2222;"Floridsdorfer Markt"
2190;"Matthäus-Jiszda-Straße"
2191;"Hubertusdamm"
2159;"Floridsdorfer Brücke"
321;"Friedrich-Engels-Platz"
322;"Höchstädtplatz"
2193;"Jägerstraße"
2194;"Wexstraße"
2195;"Gerhardusgasse"
2196;"Klosterneuburger Straße/Wallensteinstraße"
2197;"Gaußplatz"
2198;"Obere Augartenstraße"
2199;"Obere Donaustraße"
2214;"Schottenring"
1212;"Schottentor"
521;"Gersthof"
160;"Schöffelgasse"
194;"Alsegger Straße"
131;"Eckpergasse"
142;"Alsegger Straße"
1710;"Oper/Karlsplatz U"
1709;"Resselgasse"
1711;"Paulanergasse"
1712;"Mayerhofgasse"
1713;"Johann-Strauß-Gasse"
1714;"Laurenzgasse"
1715;"Kliebergasse"
851;"Matzleinsdorfer Platz"
427;"Eichenstraße"
1716;"Marx-Meidlinger-Straße"
1717;"Flurschützstraße/Längenfeldgasse"
1718;"Aßmayergasse"
476;"Dörfelstraße"
477;"Meidling"
1720;"Wienerbergbrücke"
1721;"Sonnergasse"
1723;"Hetzendorf"
1724;"Schloss Hetzendorf"
1725;"Rosenhügelstraße"
1726;"Atzgersdorfer Straße"
1727;"Wattmanngasse"
1728;"Hofwiesengasse"
1616;"Speising, Hermesstraße"
1730;"Klinik Hietzing"
1731;"Versorgungsheimplatz"
1732;"Lainz, Wolkersbergenstraße"
1735;"Lainz, Wolkersbergenstraße"
1736;"Versorgungsheimplatz"
1737;"Klinik Hietzing"
1738;"Speising, Hermesstraße"
1634;"Hofwiesengasse"
1739;"Wattmanngasse"
1740;"Atzgersdorfer Straße"
1742;"Schloss Hetzendorf"
1743;"Hetzendorf"
1744;"Altmannsdorfer Straße"
1745;"Sonnergasse"
1746;"Wienerbergbrücke"
470;"Meidling"
471;"Dörfelstraße"
1748;"Aßmayergasse"
1749;"Flurschützstraße/Längenfeldgasse"
1750;"Marx-Meidlinger-Straße"
399;"Eichenstraße"
400;"Matzleinsdorfer Platz"
831;"Kliebergasse"
1751;"Laurenzgasse"
1752;"Johann-Strauß-Gasse"
1753;"Mayerhofgasse"
1754;"Paulanergasse"
4843;"Resselgasse"
1756;"Karlsplatz"
3431;"Absberggasse"
3439;"Hlawkagasse"
3437;"Alfred-Adler-Straße"
57;"Hauptbahnhof Ost"
111;"Quartier Belvedere"
112;"Schloss Belvedere"
113;"Plößlgasse"
114;"Gußhausstraße"
81;"Schwarzenbergplatz"
116;"Schlickgasse"
117;"Bauernfeldplatz"
115;"Seegasse"
118;"Franz-Josefs-Bahnhof"
135;"Althanstraße"
104;"Augasse"
120;"Liechtenwerder Platz"
121;"Spittelau"
122;"Rampengasse"
123;"Gunoldstraße"
124;"Heiligenstadt S+U/12.-Februar-Platz"
125;"Halteraugasse"
126;"Grinzinger Straße"
127;"Sickenberggasse"
128;"Nußdorf"
88;"Nußdorf, Beethovengang"
90;"Nußdorf, Beethovengang"
91;"Nußdorf"
92;"Sickenberggasse"
93;"Grinzinger Straße"
94;"Halteraugasse"
95;"Heiligenstadt S+U/12.-Februar-Platz"
96;"Gunoldstraße"
97;"Rampengasse"
98;"Spittelau"
99;"Liechtenwerder Platz"
100;"Augasse"
136;"Althanstraße"
101;"Franz-Josefs-Bahnhof"
130;"Seegasse"
102;"Bauernfeldplatz"
103;"Schlickgasse"
105;"Schwarzenbergplatz"
106;"Gußhausstraße"
107;"Plößlgasse"
108;"Schloss Belvedere"
109;"Quartier Belvedere"
58;"Hauptbahnhof Ost"
71;"Alfred-Adler-Straße"
3438;"Hlawkagasse"
3433;"Absberggasse"
1375;"Ring/Volkstheater U"
1376;"Auerspergstraße"
1377;"Strozzigasse"
1378;"Schottenfeldgasse"
1379;"Thaliastraße"
1380;"Thaliastraße/Brunnengasse"
1381;"Thaliastraße/Haberlgasse"
1382;"Feßtgasse"
1383;"Schuhmeierplatz"
1384;"Ottakring"
1385;"Maroltingergasse"
564;"Rankgasse"
565;"Joachimsthalerplatz"
1386;"Joachimsthalerplatz"
585;"Rankgasse"
586;"Maroltingergasse"
1387;"Ottakring"
1388;"Schuhmeierplatz"
1389;"Feßtgasse"
1390;"Thaliastraße/Haberlgasse"
1391;"Thaliastraße/Brunnengasse"
1392;"Thaliastraße"
1393;"Schottenfeldgasse"
1394;"Strozzigasse"
1395;"Auerspergstraße"
2635;"Schmerlingplatz/Volkstheater U"
36;"Westbahnhof"
1548;"Westbahnhof/Gerstnerstr."
1532;"Staglgasse"
1533;"Mariahilfer Straße/Geibelgasse"
1534;"Rustengasse"
1535;"Anschützgasse"
1536;"Winckelmannstraße"
1537;"Penzinger Straße"
578;"Linzer Straße/Johnstraße"
579;"Linzer Straße/Reinlgasse"
1538;"Diesterweggasse"
1539;"Ameisgasse"
1540;"Linzer Straße/Lützowgasse"
1541;"Gusenleithnergasse"
1542;"Linzer Straße/Zehetnergasse"
1543;"Gruschaplatz"
1544;"Linzer Straße/Hochsatzengasse"
1545;"Baumgarten"
1465;"Baumgarten"
1551;"Linzer Straße/Hochsatzengasse"
1552;"Gruschaplatz"
1553;"Linzer Straße/Zehetnergasse"
1554;"Gusenleithnergasse"
1555;"Linzer Straße/Lützowgasse"
1556;"Ameisgasse"
1557;"Diesterweggasse"
1558;"Linzer Straße/Reinlgasse"
571;"Linzer Straße/Johnstraße"
1559;"Anschützgasse"
1560;"Rustengasse"
1561;"Mariahilfer Straße/Geibelgasse"
1562;"Staglgasse"
1549;"Westbahnhof/Gerstnerstr."
458;"Josefstädter Straße"
250;"Albertgasse"
378;"Florianigasse"
379;"Laudongasse"
380;"Lange Gasse"
381;"Lazarettgasse"
382;"Spitalgasse"
384;"Franz-Josefs-Bahnhof"
385;"Friedensbrücke"
386;"Klosterneuburger Straße/Wallensteinstraße"
387;"Wallensteinplatz"
2203;"Brigittaplatz"
2204;"Jägerstraße"
320;"Friedrich-Engels-Platz"
2157;"Jägerstraße"
2223;"Brigittaplatz"
2224;"Wallensteinplatz"
351;"Klosterneuburger Straße/Wallensteinstraße"
352;"Friedensbrücke"
354;"Nußdorfer Straße/Alserbachstraße"
211;"Spitalgasse"
355;"Lazarettgasse"
356;"Lange Gasse"
357;"Laudongasse"
358;"Florianigasse"
359;"Albertgasse"
272;"Blindengasse"
365;"Josefstädter Straße"
461;"Burggasse-Stadthalle"
462;"Urban-Loritz-Platz"
464;"Westbahnhof"
482;"Mariahilfer Gürtel"
396;"Gumpendorfer Straße"
397;"Margaretengürtel"
398;"Arbeitergasse/Gürtel"
401;"Knöllgasse"
407;"Bernhardtstalgasse"
402;"Neilreichgasse"
403;"Quellenplatz"
405;"Gellertplatz"
406;"Schrankenberggasse"
3435;"Absberggasse"
3441;"Geiereckstraße"
3434;"Absberggasse"
420;"Schrankenberggasse"
421;"Gellertplatz"
422;"Reumannplatz"
423;"Quellenplatz"
424;"Neilreichgasse"
411;"Bernhardtstalgasse"
425;"Knöllgasse"
426;"Matzleinsdorfer Platz"
428;"Arbeitergasse/Gürtel"
429;"Margaretengürtel"
430;"Gumpendorfer Straße"
481;"Mariahilfer Gürtel"
483;"Westbahnhof"
485;"Urban-Loritz-Platz"
508;"Burggasse-Stadthalle"
1336;"Währinger Straße-Volksoper"
455;"Michelbeuern-AKH"
3875;"Eduardgasse"
3876;"Johann-Nepomuk-Vogl-Platz"
1338;"Vinzenzgasse"
553;"Sommarugagasse"
1339;"Antonigasse"
1340;"Sommarugagasse"
524;"Vinzenzgasse"
3877;"Johann-Nepomuk-Vogl-Platz"
3878;"Eduardgasse"
1342;"Michelbeuern-AKH"
493;"Währinger Straße-Volksoper"
1440;"Volkstheater"
1441;"Stiftgasse"
1486;"Siebensterngasse"
1442;"Westbahnstraße/Neubaugasse"
1443;"Westbahnstraße/Zieglergasse"
1444;"Westbahnstraße/Kaiserstraße"
1445;"Urban-Loritz-Platz"
1446;"Beingasse"
1447;"Schweglerstraße"
1450;"Hütteldorfer Straße"
1452;"Breitensee"
1453;"Leyserstraße"
1454;"Hütteldorfer Str./Lützowgasse"
1455;"Seckendorfstraße"
1456;"Waidhausenstraße"
1457;"Hütteldorfer Str./Hochsatzengasse"
1458;"Baumgarten"
3375;"Deutschordenstraße"
1461;"Hütteldorf, Bujattigasse"
1462;"Hütteldorf, Bujattigasse"
1463;"Satzberggasse"
3376;"Deutschordenstraße"
1466;"Hütteldorfer Str./Hochsatzengasse"
1467;"Waidhausenstraße"
1468;"Seckendorfstraße"
1469;"Hütteldorfer Str./Lützowgasse"
1470;"Leyserstraße"
1471;"Breitensee"
1472;"Hütteldorfer Straße"
1473;"Johnstraße"
1475;"Schweglerstraße"
1476;"Beingasse"
1477;"Urban-Loritz-Platz"
1478;"Westbahnstraße/Kaiserstraße"
1479;"Westbahnstraße/Zieglergasse"
1480;"Westbahnstraße/Neubaugasse"
1487;"Siebensterngasse"
1481;"Stiftgasse"
1482;"Volkstheater"
560;"Dornbach"
561;"Liebknechtgasse"
562;"Sandleitengasse"
566;"Gutraterplatz"
575;"Kendlerstraße"
567;"Laurentiusplatz"
568;"Hütteldorfer Straße"
569;"Reinlgasse/Märzstraße"
570;"Linzer Straße/Reinlgasse"
572;"Schloss Schönbrunn"
573;"Hietzing"
1597;"Dommayergasse"
1598;"Wenzgasse"
1599;"Fichtnergasse"
1600;"Verbindungsbahn"
1601;"Unter St. Veit, Hummelgasse"
1602;"Verbindungsbahn"
1603;"Fichtnergasse"
1604;"Wenzgasse"
1605;"Dommayergasse"
574;"Hietzing"
576;"Schloss Schönbrunn"
577;"Penzinger Straße"
580;"Reinlgasse/Märzstraße"
581;"Hütteldorfer Straße"
582;"Laurentiusplatz"
559;"Kendlerstraße"
583;"Gutraterplatz"
584;"Joachimsthalerplatz"
587;"Sandleitengasse"
588;"Liebknechtgasse"
832;"Blechturmgasse"
833;"Hauptbahnhof"
303;"Quartier Belvedere"
304;"Fasangasse"
834;"Heinrich-Drimmel-Platz"
835;"Wildgansplatz"
293;"St. Marx"
2619;"Viehmarktgasse"
836;"Baumgasse"
837;"Schlachthausgasse"
842;"Erdbergstr./Schlachthausgasse"
843;"Baumgasse"
2620;"Viehmarktgasse"
284;"St. Marx"
844;"Wildgansplatz"
845;"Heinrich-Drimmel-Platz"
846;"Fasangasse"
339;"Quartier Belvedere"
847;"Hauptbahnhof"
848;"Blechturmgasse"
849;"Kliebergasse"
213;"Nußdorfer Straße/Alserbachstraße"
214;"Canisiusgasse"
215;"Nußdorfer Straße"
216;"Glatzgasse"
196;"Guneschgasse"
197;"Döblinger Hauptstraße/Gatterburggasse"
198;"Pokornygasse"
199;"Barawitzkagasse"
200;"Perntergasse"
240;"Hohe Warte"
212;"Döblinger Bad"
201;"Hohe Warte"
202;"Perntergasse"
203;"Barawitzkagasse"
204;"Pokornygasse"
205;"Döblinger Hauptstraße/Gatterburggasse"
206;"Guneschgasse"
207;"Glatzgasse"
208;"Nußdorfer Straße"
209;"Canisiusgasse"
210;"Nußdorfer Straße/Alserbachstraße"
193;"Gersthof"
299;"Raxstraße/Rudolfshügelgasse"
1930;"Troststraße/Neilreichgasse"
1931;"Laxenburger Str./Troststr."
1932;"Arthaberplatz"
1933;"Quellenplatz"
300;"Laxenburger Str./Gudrunstr."
301;"Columbusplatz"
302;"Hauptbahnhof"
305;"Kölblgasse"
306;"Rennweg"
307;"Ungargasse/Neulinggasse"
308;"Sechskrügelgasse"
161;"Wien Mitte-Landstraße"
162;"Marxergasse"
163;"Hintere Zollamtsstraße"
164;"Radetzkyplatz"
310;"Franzensbrücke"
311;"Praterstern"
346;"Nordbahnstraße"
3445;"Krakauer Straße"
3446;"Bruno-Marek-Allee"
3448;"Krakauer Straße"
3449;"Nordbahnstraße"
392;"Mühlfeldgasse"
3450;"Praterstern"
332;"Franzensbrücke"
333;"Radetzkyplatz"
174;"Hintere Zollamtsstraße"
175;"Marxergasse"
176;"Wien Mitte-Landstraße"
334;"Sechskrügelgasse"
335;"Ungargasse/Neulinggasse"
336;"Rennweg"
337;"Kölblgasse"
2645;"Fasangasse"
340;"Hauptbahnhof"
341;"Columbusplatz"
342;"Laxenburger Str./Gudrunstr."
343;"Quellenplatz"
1924;"Arthaberplatz"
1925;"Laxenburger Str./Troststr."
1926;"Troststraße/Neilreichgasse"
1928;"Raxstraße/Rudolfshügelgasse"
1214;"Hardtgasse"
1216;"Silbergasse"
1217;"Sieveringer Straße"
1218;"Paradisgasse"
1219;"An den langen Lüssen"
1221;"Grinzing"
1222;"An den langen Lüssen"
1223;"Paradisgasse"
1224;"Sieveringer Straße"
1225;"Silbergasse"
1360;"Hernalser Gürtel"
1361;"Yppengasse"
555;"Frauengasse"
276;"Johann-Nepomuk-Berger-Platz"
277;"Familienplatz"
278;"Redtenbachergasse"
243;"Weinheimergasse"
279;"Johannes-Krawarik-Gasse"
241;"Maroltingergasse"
242;"Maroltingergasse"
244;"Redtenbachergasse"
245;"Familienplatz"
246;"Johann-Nepomuk-Berger-Platz"
1370;"Frauengasse"
1373;"Yppengasse"
1371;"Hernalser Gürtel"
1372;"Brünnlbadgasse"
516;"Gersthof, Wallrißstraße"
522;"Simonygasse"
523;"Sommarugagasse"
525;"Blumengasse"
526;"Elterleinplatz"
528;"Mayssengasse"
556;"Johann-Nepomuk-Berger-Platz"
530;"Feßtgasse"
531;"Panikengasse"
532;"Camillo-Sitte-Gasse"
533;"Guntherstraße"
535;"Urban-Loritz-Platz"
484;"Westbahnhof"
541;"Urban-Loritz-Platz"
543;"Guntherstraße"
544;"Camillo-Sitte-Gasse"
545;"Panikengasse"
546;"Feßtgasse"
547;"Johann-Nepomuk-Berger-Platz"
548;"Johann-Nepomuk-Berger-Platz"
549;"Rosensteingasse"
550;"Elterleinplatz"
551;"Blumengasse"
552;"Vinzenzgasse"
554;"Simonygasse"
4717;"Floridsdorfer Markt"
3427;"Greta-Keller-Gasse"
3168;"Josef-Prangl-Straße"
3517;"Vorarlberger Allee"
3723;"Ernst-Krenek-Gasse"
3724;"Vera-Schwarz-Gasse"
1905;"Richard-Strauss-Straße"
2095;"Inzersdorf, Slamastraße"
2096;"Pfarrgasse/Traviatagasse"
1929;"Traviatagasse"
3677;"Sterngasse"
3423;"Klingerstraße"
1966;"Purkytgasse"
1890;"Willendorfer Gasse"
1949;"Schwarzenhaidestraße"
3725;"Alterlaa"
1964;"Steinsee"
1965;"Schwarzenhaidestraße"
1914;"Purkytgasse"
3424;"Klingerstraße"
1891;"Sterngasse"
2546;"Traviatagasse"
2547;"Inzersdorf, Slamastraße"
2548;"Richard-Strauss-Straße"
3401;"Vera-Schwarz-Gasse"
3402;"Ernst-Krenek-Gasse"
3518;"Vorarlberger Allee"
3167;"Josef-Prangl-Straße"
2613;"Halban-Kurz-Straße"
2574;"Heizwerkstraße"
2078;"Kronfußgasse"
5629;"Oberlaaer Straße"
2879;"Pensionisten-Wohnhaus Laaer Berg"
2939;"Alaudagasse"
8055;"Aspernstraße"
8651;"Aspernstraße/Oberdorfstr."
8652;"Aspern, Oberdorfstraße"
8653;"Heustadelgasse/Schule"
8654;"Hoechlegasse"
8655;"Jägermaiszufahrt"
8656;"Heustadelgasse"
8657;"Auspitzgasse"
8658;"Mühlau"
8659;"Leidlweg"
8660;"Dumreichergasse"
8698;"Im Gestockert"
8661;"Bambergergasse"
8664;"Duchekgasse"
8004;"Viktor-Wittner-Gasse"
8005;"Kahlergasse"
8687;"Eßling Schule"
8048;"Eßling Friedhof"
8007;"Adam-Betz-Gasse"
8008;"Lieglerstraße"
8009;"Deindorfstraße"
8010;"Eßling, Schippanisiedlung"
8011;"Schoeppelgasse"
8127;"Gernotgasse"
8046;"Wehrbrücklstraße/Gernotgasse"
8047;"Rosenbergstraße"
8038;"Kirschenallee"
8039;"Viktor-Wittner-Gasse"
8040;"Duchekgasse"
8041;"Ultzmanngasse"
8673;"Bambergergasse"
8697;"Im Gestockert"
8674;"Dumreichergasse"
8675;"Arztgasse"
8676;"Haengasse"
8646;"Mühlau"
8677;"Auspitzgasse"
8678;"Heustadelgasse"
8679;"Jägermaiszufahrt"
8680;"Hoechlegasse"
8681;"Heustadelgasse/Schule"
2406;"Aspern, Oberdorfstraße"
8056;"Aspern, Oberdorfstraße"
2823;"Aspernstraße"
2600;"Gasometer"
2510;"Modecenterstraße"
2511;"Kappgasse"
2518;"Guglgasse"
442;"Kraftwerk Simmering"
5028;"1. Haidequerstraße Mitte"
449;"1. Haidequerstraße Süd"
509;"Haidestraße"
2520;"Wachthausgasse"
2512;"Ravelinstraße"
2065;"Simmering"
2077;"Anton-Stilling-Platz"
2277;"Friedjunggasse"
735;"Hasenleiten"
2082;"Schemmerlstraße/Hasenleitengasse"
2276;"Friedjunggasse"
2097;"Anton-Stilling-Platz"
2513;"Ravelinstraße"
2531;"Wachthausgasse"
474;"Haidestraße"
439;"1. Haidequerstraße Süd"
440;"Kraftwerk Simmering"
2519;"Guglgasse"
2514;"Kappgasse"
2515;"Modecenterstraße"
5038;"Döblerhofstraße"
774;"Boschstraße/Halteraugasse"
805;"Kreilplatz"
827;"Grinzinger Straße"
828;"Fernsprechamt Heiligenstadt"
829;"Armbrustergasse"
830;"Neugebauerweg"
839;"Bretschneidergasse"
855;"Grinzing"
824;"Oberer Reisenbergweg"
863;"Feuerwache Grinzing"
856;"Cobenzlgasse"
857;"Wagenwiese"
861;"Krapfenwaldgasse"
862;"Sulzwiese"
1564;"Kahlenberg"
777;"Leopoldsberg"
778;"Elisabethwiese"
865;"Kahlenberg"
866;"Sulzwiese"
867;"Krapfenwaldgasse"
871;"Wagenwiese"
872;"Cobenzlgasse"
864;"Feuerwache Grinzing"
825;"Oberer Reisenbergweg"
801;"Himmelstraße"
873;"Grinzing"
850;"Bretschneidergasse"
853;"Neugebauerweg"
854;"Armbrustergasse"
858;"Fernsprechamt Heiligenstadt"
870;"Grinzinger Straße"
2795;"Badeteich Hirschstetten"
2796;"Karl-Bednarik-Gasse"
8083;"Bibernellweg"
8084;"Kapellergasse"
8085;"Breitenlee, Spargelfeldstraße"
8086;"Spargelfeldstraße/Rautenweg"
8087;"Breitenlee, Rautenweg"
8088;"Oleandergasse"
8089;"Pelargonienweg"
8090;"Fuchsienweg"
8091;"Am Rain"
8092;"Breitenlee, Ziegelhofstraße"
8093;"Pichlgasse"
8094;"Kapellergasse"
8095;"Karl-Bednarik-Gasse"
8096;"Badeteich Hirschstetten"
8068;"Pirquetgasse"
3084;"Memlinggasse"
3129;"Himmelteich"
3161;"Wehrbrücklstraße"
3817;"Zifferergasse"
3240;"Angermayergasse"
8105;"Einsiedeleigasse"
8106;"Seifertstraße"
8107;"Ghelengasse"
8110;"Stock im Weg"
8111;"Gemeindeberggasse"
8112;"Gobergasse"
8113;"Lainz, Wolkersbergenstraße"
8114;"Ratmannsdorfgasse"
8115;"Veitingergasse"
8116;"Tolstojgasse"
8117;"Schrutkagasse"
8118;"Rossinigasse"
4829;"Reumannplatz"
2017;"Ettenreichgasse/Schulzentrum"
1396;"Holbeingasse"
1397;"Starhemberg-Kaserne"
1845;"Graffgasse"
811;"Gußriegelstraße"
812;"Stefan-Fadinger-Platz"
1870;"Clemens-Holzmeister-Straße"
2598;"Hertha-Firnberg-Straße"
2599;"Wienerberg City"
1763;"Clemens-Holzmeister-Straße"
783;"Altdorferstraße"
784;"Stefan-Fadinger-Platz"
1896;"Gußriegelstraße"
1793;"Graffgasse"
1398;"Starhemberg-Kaserne"
1399;"Holbeingasse"
1436;"Troststraße/Neilreichgasse"
2006;"Ettenreichgasse/Schulzentrum"
3408;"Troststraße"
8766;"Donau-City Nord"
8764;"Verbindungsweg"
8762;"Donauturm"
8760;"Wildbadgasse"
8775;"Warhanekgasse"
8776;"Friedstraße"
8777;"Josef-Melichar-Gasse"
8778;"Sandrockgasse"
8753;"Hubertusdamm"
5542;"Matthäus-Jiszda-Straße"
8752;"Hubertusdamm"
8755;"Kugelfanggasse"
8756;"Josef-Melichar-Gasse"
8757;"Friedstraße"
8758;"Warhanekgasse"
8759;"Wildbadgasse"
5589;"Jochen-Rindt-Straße"
5198;"Inzersdorf Friedhof"
1947;"Pfarrgasse"
1923;"Traviatagasse"
2093;"Adamovichgasse"
2094;"Lamezanstraße"
1893;"Sterngasse"
1967;"Pfarrgasse"
1968;"Inzersdorf Friedhof"
2128;"Jochen-Rindt-Straße"
2129;"Kolbegasse"
1940;"Laxenburger Str./Troststr."
1941;"Laxenburger Straße/Raxstraße"
2064;"Kornauthgasse"
1942;"Sibeliusstraße"
1958;"Wienerfeld"
1944;"Oberlaaer Straße"
1946;"Inzersdorf Friedhof"
1927;"Sterngasse"
1819;"Alterlaa"
1807;"Mühlbreiten"
1808;"Schloss Alterlaa"
1809;"Josef-Österreicher-Gasse"
1907;"Brunner Straße/Erlaaer Straße"
1908;"Atzgersdorf Kirchenplatz"
1665;"Atzgersdorf"
1909;"Corvinusgasse"
1910;"Liesing Schulzentrum"
2317;"Schartlgasse"
2743;"Dirmhirngasse"
2305;"Liesing"
2316;"Mehlführergasse"
1911;"Liesing Schulzentrum"
1912;"Corvinusgasse"
1650;"Rudolf-Zeller-Gasse"
1657;"Knotzenbachgasse"
1828;"Brunner Straße/Erlaaer Straße"
1829;"Josef-Österreicher-Gasse"
1830;"Schloss Alterlaa"
1831;"Mühlbreiten"
1963;"Alterlaa"
1970;"Oberlaaer Straße"
1971;"Wienerfeld"
1972;"Sibeliusstraße"
1869;"Laxenburger Str./Sahulkastr."
1974;"Laxenburger Straße/Raxstraße"
2005;"Laxenburger Str./Troststr."
8685;"Aspernstraße"
8631;"Goldregengasse"
8632;"Pilotengasse"
8633;"Reglergasse"
8634;"An den alten Schanzen"
8635;"Kornblumenweg"
8636;"Hagedornweg"
8140;"Ostbahnbegleitstraße"
3114;"Zanggasse"
8073;"Neubreitenlee"
8064;"Ginsterweg"
1278;"Breitenlee Schule"
8695;"Lackenjöchelgasse"
5729;"Neubreitenlee"
8141;"Ostbahnbegleitstraße"
8069;"Resedaweg"
8070;"Margeritenweg"
8071;"Kornblumenweg"
8641;"Reglergasse"
8642;"Aurikelweg"
8643;"Soldanellenweg"
8644;"Haberlandtgasse"
1049;"Lohwaggasse"
5503;"Schwedenplatz"
5701;"Taubstummengasse"
4808;"Hauptbahnhof"
4809;"Laxenburger Str./Gudrunstr."
4810;"Quellenplatz"
717;"Arthaberplatz"
1656;"Liesing"
4803;"Arthaberplatz"
4805;"Laxenburger Str./Gudrunstr."
4807;"Hauptbahnhof"
5627;"Belvederegasse"
5700;"Taubstummengasse"
5628;"Resselgasse"
5508;"Schwedenplatz"
5547;"Gaußplatz"
2202;"Wallensteinplatz"
2755;"Brigittaplatz"
2494;"Höchstädtplatz"
5530;"Friedrich-Engels-Platz"
5739;"Brünner Straße/Hanreitergasse"
5740;"Empergergasse"
5741;"Anton-Schall-Gasse"
5742;"Van-Swieten-Kaserne"
5732;"Stammersdorf"
5549;"Stammersdorf"
5733;"Van-Swieten-Kaserne"
5734;"Anton-Schall-Gasse"
5735;"Empergergasse"
5736;"Brünner Straße/Hanreitergasse"
5538;"Matthäus-Jiszda-Straße"
5539;"Friedrich-Engels-Platz"
2497;"Höchstädtplatz"
2757;"Brigittaplatz"
5546;"Obere Augartenstraße"
5607;"Oper/Karlsplatz U"
5564;"Urban-Loritz-Platz"
5791;"Hütteldorf, Bujattigasse"
5696;"Bergmillergasse"
5659;"Urban-Loritz-Platz"
5692;"Volkstheater"
5693;"Museumsquartier"
5623;"Laurenzgasse"
5675;"Matzleinsdorfer Platz"
5617;"Kundratstraße"
5071;"Spinnerin am Kreuz"
813;"Clemens-Holzmeister-Straße"
814;"Gesundheitszentrum Süd"
779;"Eibesbrunnergasse"
780;"Am Europlatz"
517;"Wienerbergbrücke"
1848;"Meidling, Schedifkaplatz"
5614;"Edelsinnstraße/Schwenkgasse"
1775;"Edelsinnstraße"
1776;"Schloss Hetzendorf"
1782;"Schloss Hetzendorf"
5615;"Edelsinnstraße"
5612;"Edelsinnstraße/Schwenkgasse"
1847;"Meidling, Schedifkaplatz"
790;"Wienerbergbrücke"
807;"Am Europlatz"
781;"Eibesbrunnergasse"
782;"Gesundheitszentrum Süd"
2607;"Clemens-Holzmeister-Straße"
5616;"Spinnerin am Kreuz"
5618;"Kundratstraße"
3853;"Matzleinsdorfer Platz"
5596;"Laurenzgasse"
5688;"Johann-Strauß-Gasse"
5605;"Oper/Karlsplatz U"
2012;"Unteres Belvedere"
2013;"Rennweg"
2014;"Kleistgasse"
2015;"Oberzellergasse"
288;"St. Marx"
5630;"Litfaßstraße"
5631;"Molitorgasse"
5632;"Zippererstraße"
5633;"Hauffgasse"
5634;"Enkplatz"
5636;"Simmering"
2033;"Fickeysstraße"
5815;"Weißenböckstraße"
2075;"Pantucekgasse"
3410;"Valiergasse"
5677;"Svetelskystraße"
3411;"Wopenkastraße"
2059;"Etrichstraße"
2060;"Hauptwerkstätte"
2457;"Leberweg"
2061;"Zentralfriedhof 4.Tor"
2727;"Roschégasse"
2357;"Widholzgasse"
2351;"Kaiserebersdorfer Friedhof"
5643;"Florian-Hedorfer-Straße"
5778;"Weißenböckstraße"
5528;"Fickeysstraße"
5644;"Enkplatz"
5645;"Hauffgasse"
5646;"Zippererstraße"
5647;"Molitorgasse"
5648;"Litfaßstraße"
2043;"St. Marx"
2044;"Oberzellergasse"
2046;"Rennweg"
2047;"Unteres Belvedere"
5678;"Schwarzenbergplatz"
5606;"Oper/Karlsplatz U"
8750;"Meidling, Schedifkaplatz"
3311;"Carl-Appel-Straße"
5599;"Silbergasse"
5747;"Lichtentaler Gasse"
5748;"Franz-Josefs-Bahnhof"
3701;"Schottentor"
5501;"Schwedenplatz"
5602;"Oper/Karlsplatz U"
5745;"Franz-Josefs-Bahnhof"
5749;"Sieveringer Straße"
5750;"Paradisgasse"
5766;"An den langen Lüssen"
8488;"Ignaz-Köck-Straße"
8489;"Brünner Straße"
4816;"Großbauerstraße"
8490;"Leopoldau, Betriebsgarage"
8491;"Petritschgasse"
8492;"Tauschekgasse"
8493;"Frohes-Schaffen-Weg"
8494;"Rosannagasse"
8480;"Rosannagasse"
8481;"Frohes-Schaffen-Weg"
8482;"Tauschekgasse"
8483;"Petritschgasse"
8484;"Leopoldau, Betriebsgarage"
4817;"Großbauerstraße"
8485;"Trillergasse"
8486;"Brünner Straße"
8487;"Ignaz-Köck-Straße"
5725;"Stadtpark"
2528;"Kundmanngasse"
2507;"Schlachthausgasse"
2508;"Nottendorfer Gasse"
2509;"Erdberg"
2603;"Franzosengraben"
2604;"Franzosengraben"
2516;"Erdberg"
2517;"Nottendorfer Gasse"
2524;"Kardinal-Nagl-Platz"
2525;"Apostelgasse"
2526;"Kundmanngasse"
8001;"Eßling, Wegmayersiedlung"
3332;"Bambergergasse"
3334;"Raphael-Donner-Allee"
3326;"Wiethestraße"
3336;"Mühlhäufelgasse"
3337;"Rosalia-Chladek-Gasse"
3324;"Eßling Schule"
3325;"Schlachthammerstraße"
3335;"Wiethestraße"
3327;"Raphael-Donner-Allee"
3328;"Mühlhäufel"
3329;"Auernheimergasse"
3330;"Kaposigasse"
168;"Prater, Hauptallee"
170;"Wittelsbachstraße"
172;"Hetzgasse"
173;"Radetzkyplatz"
41;"Julius-Raab-Platz"
42;"Schwedenplatz"
44;"Schottenring"
1875;"Davidgasse, Knöllgasse"
1876;"Knöllgasse/Troststraße"
1877;"Windtenstraße"
1880;"Stefan-Fadinger-Platz"
1881;"Windtenstraße"
1882;"Knöllgasse/Troststraße"
1883;"Davidgasse, Knöllgasse"
1884;"Knöllgasse"
20;"Schottenring"
21;"Salztorbrücke"
22;"Schwedenplatz"
23;"Julius-Raab-Platz"
132;"Hintere Zollamtsstraße"
165;"Hetzgasse"
166;"Löwengasse"
167;"Wittelsbachstraße"
169;"Prater, Hauptallee"
3183;"Ziegelhofstraße/Oberfeldgasse"
3184;"Oberfeldgasse/Spargelfeldstr."
3185;"Süßenbrunner Straße/Oberfeldgasse"
3186;"Gewerbepark Stadlau"
3187;"Forstnergasse"
2173;"Am Spitz"
2174;"Nordbrücke"
2175;"Koloniestraße"
2179;"Rußbergstraße"
2181;"Strebersdorf, Edmund-Hawranek-Platz"
2182;"Rußbergstraße"
2187;"Nordbrücke"
2188;"Am Spitz"
3191;"Forstnergasse"
3192;"Gewerbepark Stadlau"
3193;"Süßenbrunner Straße/Oberfeldgasse"
3196;"Oberfeldgasse/Spargelfeldstr."
3197;"Ziegelhofstraße/Oberfeldgasse"
3113;"Zanggasse"
5526;"Mühlschüttel"
5527;"Scheffelstraße"
5557;"Morelligasse"
5558;"Broßmannplatz"
5560;"Broßmannplatz"
5585;"Morelligasse"
5586;"Theodor-Körner-Gasse"
3171;"Ada-Christen-Gasse"
3172;"Max-Fleischer-Gasse"
3169;"Jura-Soyfer-Gasse"
3173;"Wendstattgasse"
3174;"Hubert-Gsur-Gasse"
3175;"Adolf-Unger-Gasse"
3176;"Stockholmer Platz"
1821;"Pellmannbrücke"
1822;"Liesing Feuerwache"
1823;"Liesing Friedhof"
1824;"Industriegelände Liesing West"
2764;"An den Steinfeldern"
2765;"Carlbergergasse"
2766;"Kugelmanngasse"
3426;"Forchheimergasse"
2767;"Herziggasse"
2768;"Eitnergasse"
2769;"Stipcakgasse"
2770;"Siedlung Wienerflur"
2771;"Atzlergasse"
2772;"Sevcikgasse"
2788;"Vösendorf-Siebenhirten"
2773;"Sevcikgasse"
2774;"Wienerflurgasse"
2775;"Siedlung Wienerflur"
2776;"Stipcakgasse"
2777;"Hetmanekgasse"
1863;"Perfektastraße"
2778;"Eitnergasse"
2779;"Herziggasse"
3198;"Forchheimergasse"
2780;"Kugelmanngasse"
2782;"An den Steinfeldern"
1814;"Industriegelände Liesing West"
1815;"Liesing Friedhof"
1816;"Liesing Feuerwache"
1817;"Pellmannbrücke"
1655;"Dr.-Neumann-Gasse"
1531;"Westbahnhof"
1610;"Hietzing"
1611;"Gloriettegasse"
1612;"Stadlergasse"
1613;"Jagdschloßgasse"
1614;"Preyergasse"
1615;"Hofwiesengasse"
1617;"Riedelgasse"
1618;"Sillerplatz"
1619;"Franz-Asenbauer-Gasse"
1620;"Maurer Hauptplatz"
1621;"Maurer Lange Gasse"
1622;"Anton-Krieger-Gasse"
1606;"Rodaunbrücke"
1623;"Kaiser-Franz-Josef-Str."
1624;"Rodaun"
1625;"Rodaun"
1626;"Kaiser-Franz-Josef-Str."
1607;"Rodaunbrücke"
1627;"Anton-Krieger-Gasse"
1628;"Maurer Lange Gasse"
1629;"Maurer Hauptplatz"
1630;"Franz-Asenbauer-Gasse"
1631;"Sillerplatz"
1632;"Riedelgasse"
1633;"Speising, Hermesstraße"
1635;"Preyergasse"
1636;"Jagdschloßgasse"
1637;"Stadlergasse"
1638;"Gloriettegasse"
1639;"Dommayergasse"
1596;"Hietzing"
3743;"Pensionistenwohnhaus Föhrenhof"
3744;"Buchbindergasse"
3745;"Glawatschweg"
3746;"St.-Hubertus-Platz"
3747;"Nästlbergergasse"
3748;"Dostalgasse"
3749;"Wittgensteinstraße"
3750;"Ursulinenkloster"
3751;"Heudörfelgasse"
1645;"Gebirgsgasse"
1646;"Maurer Hauptplatz"
3752;"Franz-Asenbauer-Gasse"
3753;"Maurer Friedhof"
3754;"Atzgersdorf"
3755;"Pensionistenwohnhaus Atzgersdorf"
8135;"Maurer Friedhof"
8136;"Franz-Asenbauer-Gasse"
1671;"Maurer Hauptplatz"
1672;"Gebirgsgasse"
8137;"Heudörfelgasse"
3764;"Ursulinenkloster"
3765;"Wittgensteinstraße"
3766;"Dostalgasse"
3767;"Nästlbergergasse"
3768;"St.-Hubertus-Platz"
3769;"Glawatschweg"
3770;"Buchbindergasse"
3771;"Pensionistenwohnhaus Föhrenhof"
1842;"Wienerbergbrücke"
1952;"Altmannsdorfer Straße"
2643;"Stachegasse"
5590;"Kirchfeldgasse"
5591;"Gregorygasse"
5592;"Kunerolgasse"
5593;"Gerbergasse"
1844;"Brunner Straße/Erlaaer Straße"
1654;"Leopoldigasse"
1660;"Liesing"
1661;"Dr.-Neumann-Gasse"
1662;"Leopoldigasse"
2322;"Brunner Straße/Erlaaer Straße"
2323;"Gerbergasse"
2327;"Kunerolgasse"
2328;"Gregorygasse"
2329;"Kirchfeldgasse"
2644;"Stachegasse"
2331;"Meidling S+U, Eichenstraße"
1872;"Liesinger-Flur-Gasse"
1873;"Eduard-Kittenberger-Gasse"
1874;"An den Steinfeldern"
1818;"Liesing"
1825;"An den Steinfeldern"
1839;"Eduard-Kittenberger-Gasse"
1840;"Liesinger-Flur-Gasse"
5600;"Oper/Karlsplatz U"
5502;"Schwedenplatz"
5573;"Kettenbrückengasse"
5575;"Linke Wienzeile/Brückengasse"
5576;"Margaretengürtel"
5777;"Sechshauser Gürtel"
5577;"LÃ¤ngenfeldgasse"
5610;"Meidling HauptstraÃŸe"
1676;"Maurer Berg"
1677;"Rudolf-Waisenhorn-Gasse"
2333;"Willerbrücke"
2334;"Willergasse/Schule"
2344;"Rudolf-Waisenhorn-Gasse"
5580;"Hietzing"
5581;"Schloss Schönbrunn"
5561;"LÃ¤ngenfeldgasse"
3135;"Pilgramgasse"
5570;"Kettenbrückengasse"
5721;"Raxstraße/Rudolfshügelgasse"
3523;"Sahulkastraße"
5722;"Wienerfeldgasse"
5723;"Frödenplatz"
5724;"Otto-Probst-Straße"
519;"Otto-Probst-Platz"
2450;"Jungbauerweg"
2451;"Grohnergasse"
1898;"Triester Str./Computerstraße"
1899;"Computerstraße/Gutheil-Schoder-Gasse"
520;"Gutheil-Schoder-Gasse"
5820;"Am Schöpfwerk/Eibesbrunnerg."
513;"Am Schöpfwerk"
514;"Khleslplatz"
1804;"Sagedergasse"
504;"Am Schöpfwerk"
5819;"Am Schöpfwerk/Eibesbrunnerg."
539;"Gutheil-Schoder-Gasse"
558;"Jungbauerweg"
1889;"Otto-Probst-Platz"
5717;"Otto-Probst-Straße"
2261;"Frödenplatz"
5719;"Wienerfeldgasse"
2255;"Sahulkastraße"
2254;"Raxstraße/Rudolfshügelgasse"
1810;"Brunner Straße/Erlaaer Straße"
1811;"Atzgersdorf Friedhof"
1951;"Carlbergergasse"
1962;"Leopoldigasse"
2340;"Steinergasse"
1667;"Taglieberstraße"
1669;"Karl-Schwed-Gasse"
1670;"Speisinger Straße"
1673;"Kaserngasse"
1674;"Lindauergasse"
2347;"Rodaun"
2336;"Maireckergasse"
2337;"Kaiser-Franz-Josef-Str."
2338;"Pumgasse"
2339;"Korbgasse"
2318;"Löwenthalgasse"
2320;"Korbgasse"
2321;"Pumgasse"
2346;"Kaiser-Franz-Josef-Str."
2319;"Maireckergasse"
2324;"Rodaun"
2325;"Willergasse/Schule"
2326;"Willerbrücke"
1641;"Maurer Berg"
1643;"Lindauergasse"
1644;"Kaserngasse"
1647;"Karl-Schwed-Gasse"
1734;"Atzgersdorf"
2342;"Steinergasse"
1961;"Leopoldigasse"
1826;"Carlbergergasse"
1827;"Atzgersdorf Friedhof"
3207;"Meidling HauptstraÃŸe"
3213;"Haschkagasse"
3214;"Aichholzgasse"
3215;"Tivoligasse"
3216;"Gatterholzgasse"
3217;"Pohlgasse"
3220;"Zeleborgasse"
3221;"Dörfelstraße"
3225;"Spittelbreitengasse"
3201;"Tanbruckgasse"
3202;"Ruckergasse"
3203;"Ratschkygasse"
3206;"Aichholzgasse"
1837;"Haschkagasse"
8509;"Kleehäufel"
8510;"Raffineriestraße/Ostbahnbrücke"
8511;"Kierischitzweg"
8512;"Dampfkraftwerk Donaustadt"
8513;"Raffineriestr./Biberhaufenweg"
8514;"Frachtenbahnhof Lobau Hafen"
8515;"Panozzalacke"
5208;"Zentraltanklager"
8516;"Lobgrundstraße"
8518;"Finsterbuschstraße Nord"
8519;"Finsterbuschstraße Mitte"
8520;"Finsterbuschstr./Öllager"
8521;"Ölhafen"
8522;"Finsterbuschstr./Öllager"
8523;"Finsterbuschstraße Mitte"
8524;"Finsterbuschstraße Nord"
8525;"Zentraltanklager"
8526;"Lobgrundstraße"
8527;"Panozzalacke"
8528;"Frachtenbahnhof Lobau Hafen"
8529;"Raffineriestr./Biberhaufenweg"
8530;"Dampfkraftwerk Donaustadt"
8531;"Kierischitzweg"
8532;"Raffineriestraße/Ostbahnbrücke"
8533;"Kleehäufel"
881;"Kagran"
3045;"Kagraner Brücke"
3047;"Arminenstraße"
3049;"Steinbrechergasse"
8576;"Benatzkygasse"
3051;"Veitschiweg"
3053;"Siedlung Einigkeit"
3055;"Siedlung Sonnheim"
3056;"Eisstoßgasse"
3083;"Fischergrund"
8587;"An der Bien"
3453;"Niedermeierweg"
8588;"Lobaugasse"
8589;"Danzergasse"
8052;"In der Au"
8054;"Aspernstraße"
8053;"In der Au"
8593;"Danzergasse"
8594;"Lobaugasse"
3454;"Niedermeierweg"
8595;"An der Bien"
8647;"Donaustadtbrücke"
8604;"Fischergrund"
8605;"Eisstoßgasse"
8606;"Siedlung Sonnheim"
8607;"Siedlung Einigkeit"
8608;"Veitschiweg"
3050;"Benatzkygasse"
8609;"Steinbrechergasse"
8610;"Arminenstraße"
3043;"Siebeckstraße"
3058;"Kagran"
1506;"Siebeckstraße"
1507;"Häußlergasse"
1508;"Donaustadtstraße"
1023;"Polgarstraße"
2403;"Hardeggasse"
2404;"Donauspital"
2405;"Kapellenweg"
1027;"Lohwaggasse"
1028;"Saltenstraße"
1029;"Flugfeldstraße"
1030;"Lannesstraße"
1046;"Lannesstraße"
1047;"Flugfeldstraße"
1048;"Saltenstraße"
5784;"Trondheimgasse"
5703;"Kapellenweg"
5704;"Donauspital"
2411;"Hardeggasse"
1040;"Polgarstraße"
1512;"Donaustadtstraße"
1513;"Häußlergasse"
1514;"Bernoullistraße"
2555;"Kagran"
3844;"Attemsgasse"
3046;"Saikogasse"
2559;"Veterinärmedizinische Universität"
2560;"Vorwärtsplatz"
958;"Zehdengasse"
5714;"Rennbahnweg"
3090;"Obachgasse"
3091;"Rautenweg"
2478;"Schillingstraße"
2580;"Rudolf-Hausner-Gasse"
2581;"Hermann-Gebauer-Straße"
2583;"Hermann-Gebauer-Straße"
2479;"Rudolf-Hausner-Gasse"
2493;"Schillingstraße"
2552;"Rautenweg"
2470;"Lieblgasse"
2477;"Franz-Eduard-Matras-Gasse"
3038;"Panethgasse/Sebaldgasse"
3054;"Leopoldauer Straße"
2561;"Zehdengasse"
2562;"Vorwärtsplatz"
2563;"Veterinärmedizinische Universität"
2564;"Josef-Baumann-Gasse"
2602;"Dückegasse"
8611;"Kagran"
8612;"Steigenteschgasse"
8613;"Portnergasse"
8614;"Mergenthalerplatz"
8615;"Freihofsiedlung"
8616;"Kagraner Anger"
8617;"Neu-Kagran"
8618;"Siebenbürgerstraße"
8620;"Erzherzog-Karl-Straße"
8621;"Smolagasse"
8623;"Schreinerweg"
8730;"Lange Allee"
8731;"Deinleingasse"
8733;"Stadlau"
8735;"Deinleingasse"
8736;"Schreinerweg"
8624;"Siebenbürgerstraße"
8625;"Neu-Kagran"
8626;"Kagraner Anger"
8627;"Freihofsiedlung"
8628;"Mergenthalerplatz"
8629;"Portnergasse"
3048;"Siebeckstraße"
968;"Konstanziagasse"
969;"Hartlebengasse"
970;"Zschokkegasse"
1024;"Aspernstraße"
1035;"Groß-Enzersdorf Stadtmauer"
1036;"Groß-Enzersdorf Busbahnhof"
1041;"Groß-Enzersdorf Stadtmauer"
1051;"Aspernstraße/Oberdorfstr."
1052;"Aspernstraße"
1053;"Zschokkegasse"
1054;"Hartlebengasse"
1055;"Konstanziagasse"
2439;"Gschweidlgasse"
2440;"Kummergasse"
2441;"Dattlergasse"
2442;"Josef-Flandorfer-Straße"
2432;"Freiheitsplatz"
2433;"Josef-Flandorfer-Straße"
2434;"Dattlergasse"
2435;"Kummergasse"
2436;"Gschweidlgasse"
8044;"Donaustadtbrücke"
923;"Kagraner Platz"
2664;"Kagraner Friedhof"
2666;"Anton-Sattler-Gasse"
957;"Jüptnergasse"
1123;"Leopoldauer Straße"
1058;"Sorgenthalgasse"
3102;"Heinrich-von-Buol-Gasse"
3127;"Siemensstraße"
3105;"Ruthnergasse"
3106;"Skraupstraße"
3108;"Großjedlersdorf, Jochbergengasse"
3109;"Siemensstraße"
3119;"Giefinggasse"
3120;"Heinrich-von-Buol-Gasse"
3121;"Sorgenthalgasse"
995;"Zehdengasse"
996;"Jüptnergasse"
2667;"Anton-Sattler-Gasse"
2665;"Kagraner Friedhof"
8834;"Hernals"
8835;"Hernalser Friedhof"
3959;"Richthausenstraße"
8836;"Czartoryskigasse"
8853;"Alsegger Straße/Czartoryskigasse"
8837;"Krenngasse"
8838;"Gersthofer Friedhof"
8839;"Schöberweg"
8840;"KGV Alsrückenweg"
8841;"Twarochgasse"
8842;"Schafberg/Werfelstraße"
8843;"Schafbergbad"
8844;"Schafberghöhe"
8846;"Schafberg/Werfelstraße"
8847;"Twarochgasse"
8848;"KGV Alsrückenweg"
8849;"Schöberweg"
8850;"Gersthofer Friedhof"
8851;"Krenngasse"
8852;"Alsegger Straße/Czartoryskigasse"
8833;"Hernals, Wattgasse"
1366;"Römergasse"
1367;"Wilhelminenstraße"
1368;"Mayssengasse"
247;"Neulerchenfelder Straße/Haberlgasse"
248;"Neulerchenfelder Straße/Brunnengasse"
249;"Josefstädter Straße"
251;"Lederergasse"
252;"Rathaus"
52;"Schwarzenbergplatz"
53;"Weihburggasse"
54;"Stubentor"
55;"Julius-Raab-Platz"
134;"Schwedenplatz"
133;"Gredlerstraße"
1001;"Karmeliterplatz"
1002;"Taborstraße"
1003;"Heinestraße"
314;"Am Tabor"
315;"Rebhanngasse"
316;"Innstraße"
317;"Traisengasse"
318;"Dresdner Straße"
319;"Höchstädtplatz"
274;"Neulerchenfelder Straße/Brunnengasse"
275;"Neulerchenfelder Straße/Haberlgasse"
1362;"Mayssengasse"
1363;"Wilhelminenstraße"
1364;"Römergasse"
1365;"Sandleitengasse"
323;"Dresdner Straße"
324;"Traisengasse"
325;"Innstraße"
326;"Rebhanngasse"
327;"Am Tabor"
328;"Heinestraße"
1019;"Taborstraße"
1020;"Karmeliterplatz"
1022;"Marienbrücke"
9;"Julius-Raab-Platz"
11;"Weihburggasse"
269;"Rathaus"
270;"Lederergasse"
271;"Albertgasse"
273;"Josefstädter Straße"
5507;"Schwedenplatz"
2495;"Lorenz-Müller-Gasse"
633;"Dietmayrgasse"
634;"Gürtelbrücke"
2498;"Spittelau"
5665;"Währinger Straße-Volksoper"
5756;"Michelbeuern-AKH"
5666;"Alser Straße"
5667;"Josefstädter Straße"
5668;"Thaliastraße"
5619;"Gumpendorfer Straße"
5620;"Hans-Mandl-Berufsschule"
1803;"Altmannsdorfer Straße"
1805;"Jungnickelweg"
1950;"Alterlaa"
1834;"Jungnickelweg"
1835;"Sagedergasse"
1836;"Altmannsdorfer Straße"
5621;"Hans-Mandl-Berufsschule"
5584;"Stiegergasse"
5657;"Gumpendorfer Straße"
5660;"Thaliastraße"
5661;"Josefstädter Straße"
5662;"Alser Straße"
5757;"Michelbeuern-AKH"
5663;"Währinger Straße-Volksoper"
5664;"Nußdorfer Straße"
642;"Gürtelbrücke"
643;"Dietmayrgasse"
2496;"Lorenz-Müller-Gasse"
5518;"Martin-Gaunersdorfer-Gasse"
2469;"Maculangasse/Wagramer Straße"
3092;"Maculangasse"
2669;"Tillmanngasse"
2542;"Niedermoserstraße"
2461;"Lichtblaustraße"
936;"Percostraße"
937;"Wagramer Straße/Ostbahn"
951;"Campingplatzweg"
938;"Badeteich Süßenbrunn"
945;"Badeteich Süßenbrunn"
999;"Campingplatzweg"
946;"Wagramer Straße/Ostbahn"
947;"Percostraße"
2467;"Lichtblaustraße"
2544;"Niedermoserstraße"
3099;"Voitgasse"
3098;"Maculangasse"
1211;"Döblinger Steg"
1198;"Gürtelbrücke"
1190;"Wexstraße"
1199;"Jägerstraße"
2758;"Wallensteinplatz"
2225;"Gaußplatz"
2759;"Taborstraße"
2686;"Heinestraße"
329;"Rueppgasse"
2687;"Kleine Stadtgutgasse"
1308;"Heiligenstadt"
1309;"Amtshaus Muthgasse"
1210;"Heiligenstädter Brücke"
312;"Rueppgasse"
2683;"Volkertplatz"
2685;"Taborstraße"
2534;"Wexstraße"
1201;"Gürtelbrücke"
1202;"Döblinger Steg"
1203;"Heiligenstädter Brücke"
3373;"Michael-Neumann-Gasse"
3002;"Lorenz-Böhler-Unfallkrankenhaus"
2647;"Adalbert-Stifter-Straße/Jägerstraße"
635;"Glatzgasse"
1268;"Dänenstraße"
1269;"Nußdorfer Straße"
2499;"Spittelau"
2648;"Adalbert-Stifter-Straße/Jägerstraße"
2999;"Höchstädtplatz"
3001;"Lorenz-Böhler-Unfallkrankenhaus"
2459;"Allerheiligenplatz"
1850;"Meidling HauptstraÃŸe"
1838;"Ruckergasse"
1802;"Hohenbergstraße"
1798;"Gesundheitszentrum Süd"
710;"Unfallkrankenhaus Meidling"
711;"Klinik Favoriten"
2570;"Martin-Luther-King-Park"
712;"Davidgasse, Knöllgasse"
713;"Belgradplatz"
701;"Inzersdorfer Straße/Bernhardtstalgasse"
714;"Herzgasse"
715;"Arthaberplatz"
689;"Leibnizgasse"
2578;"Antonsplatz"
718;"Herzgasse"
709;"Fernkorngasse"
719;"Belgradplatz"
720;"Davidgasse, Knöllgasse"
2569;"Martin-Luther-King-Park"
721;"Klinik Favoriten"
1797;"Unfallkrankenhaus Meidling"
1801;"Ruckergasse"
5922;"Baden Viadukt"
5923;"Baden Leesdorf"
5946;"Baden Landesklinikum"
5924;"Baden Melkergründe"
5925;"Pfaffstätten Rennplatz"
5926;"Tribuswinkel-Josefsthal Bhf."
5927;"Traiskirchen Lokalbahn"
5928;"Möllersdorf Lokalbahn"
5929;"Eigenheimsiedlung Haltestelle"
5930;"Guntramsdorf Lokalbahn"
5931;"Neu-Guntramsdorf Lokalbahn"
5932;"Wiener Neudorf Griesfeld"
5933;"Wiener Neudorf Bahnhof"
5934;"Maria Enzersdorf-Südstadt Bf."
5935;"Vösendorf SCS"
5936;"Vösendorf-Siebenhirten"
5937;"Schönbrunner Allee"
5938;"Neu Erlaa"
5939;"Inzersdorf Lokalbahn"
5940;"Gutheil-Schoder-Gasse"
5941;"Schöpfwerk"
5942;"Meidling, Schedifkaplatz"
5943;"Oper/Karlsplatz U"
5900;"Meidling, Schedifkaplatz"
5901;"Schöpfwerk"
5902;"Gutheil-Schoder-Gasse"
5903;"Inzersdorf Lokalbahn"
5904;"Neu Erlaa"
5905;"Schönbrunner Allee"
5906;"Vösendorf-Siebenhirten"
5907;"Vösendorf SCS"
5908;"Maria Enzersdorf-Südstadt Bf."
5909;"Wiener Neudorf Bahnhof"
5910;"Wiener Neudorf Griesfeld"
5911;"Neu-Guntramsdorf Lokalbahn"
5912;"Guntramsdorf Lokalbahn"
5913;"Eigenheimsiedlung Haltestelle"
5914;"Möllersdorf Lokalbahn"
5915;"Traiskirchen Lokalbahn"
5916;"Tribuswinkel-Josefsthal Bhf."
5917;"Pfaffstätten Rennplatz"
5918;"Baden Melkergründe"
5947;"Baden Landesklinikum"
5919;"Baden Leesdorf"
5920;"Baden Viadukt"
2244;"Otto-Probst-Platz"
2231;"Tesarekplatz"
2232;"Otto-Probst-Straße"
2257;"Frödenplatz"
2258;"Wienerfeldgasse"
2259;"Sahulkastraße"
2260;"Raxstraße/Rudolfshügelgasse"
3713;"Leebgasse/Siccardsburggasse"
409;"Geiselbergstraße"
410;"Polkorabplatz"
2009;"Enkplatz"
2023;"Braunhubergasse"
2024;"Simmering"
2025;"Fickeysstraße"
2026;"Weißenböckstraße"
2027;"Zentralfriedhof 1.Tor"
2028;"Zentralfriedhof 2.Tor"
4732;"Zentralfriedhof 3.Tor"
2454;"Zentralfriedhof 4.Tor"
2297;"Pantucekgasse/Widholzgasse"
2298;"Leberberg"
2299;"Svetelskystraße"
2679;"Valiergasse"
2300;"Kaiserebersdorf, Zinnergasse"
2680;"Valiergasse"
2312;"Svetelskystraße"
2313;"Leberberg"
2314;"Pantucekgasse/Widholzgasse"
2455;"Zentralfriedhof 4.Tor"
4733;"Zentralfriedhof 3.Tor"
2030;"Zentralfriedhof 2.Tor"
2031;"Zentralfriedhof 1.Tor"
2032;"Weißenböckstraße"
2034;"Simmering"
2035;"Braunhubergasse"
2036;"Enkplatz"
2584;"Gottschalkgasse/Enkplatz"
415;"Polkorabplatz"
416;"Geiselbergstraße"
2256;"Wienerfeldgasse"
2252;"Otto-Probst-Straße"
2253;"Tesarekplatz"
5670;"Gumpendorfer Straße"
5761;"Sechshauser Gürtel"
5671;"Gaudenzdorfer Gürtel"
5672;"Arbeitergasse/Gürtel"
5673;"Eichenstraße"
5674;"Matzleinsdorfer Platz"
412;"Enkplatz"
5654;"Eichenstraße"
5655;"Margaretenstraße"
5656;"Gaudenzdorfer Gürtel"
2959;"Meidling, Schedifkaplatz"
785;"Gußriegelstraße"
786;"Raxstraße/Rudolfshügelgasse"
787;"Laxenburger Straße/Raxstraße"
788;"Daumegasse"
791;"Neulandschule"
792;"Florian-Geyer-Gasse"
794;"Langsulzgasse"
795;"Männertreugasse"
796;"Max-Mauermann-Gasse"
822;"Swatoschgasse"
797;"Grillgasse"
798;"Am Kanal"
1063;"Lorystraße"
2587;"Lorystraße"
800;"Am Kanal"
816;"Grillgasse"
821;"Swatoschgasse"
817;"Max-Mauermann-Gasse"
818;"Männertreugasse"
819;"Langsulzgasse"
803;"Florian-Geyer-Gasse"
804;"Neulandschule"
808;"Daumegasse"
810;"Raxstraße/Rudolfshügelgasse"
435;"Enkplatz"
2606;"Enkplatz"
434;"Hauffgasse"
437;"Simoningplatz"
436;"Rappachgasse"
432;"Franz-Eder-Weg"
443;"Oriongasse"
444;"Simmeringer Haide"
2278;"7. Haidequerstraße"
5001;"Bleibtreustraße"
5002;"Wildpretstraße"
5003;"11. Haidequerstraße"
5007;"Freudenauer Hafenbrücke"
5060;"Neu-Albern"
5056;"Warneckestraße"
5057;"Fabianistraße"
5011;"Albern"
5059;"Mannswörther Straße"
5212;"Alberner Hafen"
5010;"Mannswörther Straße"
5053;"Albern"
5054;"Fabianistraße"
5055;"Warneckestraße"
5061;"Neu-Albern"
5024;"11. Haidequerstraße"
5025;"Wildpretstraße"
5026;"Bleibtreustraße"
5027;"7. Haidequerstraße"
445;"Oriongasse"
510;"Franz-Eder-Weg"
473;"Haidestraße"
447;"Rappachgasse"
446;"Simoningplatz"
448;"Krausegasse"
5844;"Pfaffenaugasse"
3837;"Paul-Wagner-Gasse"
5015;"Alberner Straße"
5016;"Albern"
5012;"Alberner Straße"
2597;"Kaiserebersdorf, Münnichplatz"
5845;"Pfaffenaugasse"
2640;"Am Heumarkt"
2016;"St. Marx"
2018;"Litfaßstraße"
2019;"Molitorgasse"
2020;"Zippererstraße"
2021;"Hauffgasse"
2311;"Kaiserebersdorf, Zinnergasse"
2038;"Hauffgasse"
2039;"Zippererstraße"
2040;"Molitorgasse"
2041;"Litfaßstraße"
2045;"Kleistgasse"
2641;"Am Heumarkt"
815;"Eibesbrunnergasse"
823;"Kastanienallee"
1595;"Unfallkrankenhaus Meidling"
1762;"Flurschützstraße/Längenfeldgasse"
1608;"Niederhofstraße"
1767;"Rosasgasse"
1768;"Pohlgasse"
2452;"Hervicusgasse"
1779;"Marschallplatz"
1747;"Südwestfriedhof 1. Tor"
3887;"Südwestfriedhof 2.& 8.Tor"
3976;"Wildgartenallee"
3890;"Mona-Lisa-Steiner-Weg"
3891;"Emil-Behring-Weg"
2414;"Am Rosenhügel"
3892;"Emil-Behring-Weg"
3889;"Mona-Lisa-Steiner-Weg"
3977;"Wildgartenallee"
3888;"Südwestfriedhof 2.& 8.Tor"
1780;"Südwestfriedhof 1. Tor"
1781;"Marschallplatz"
2453;"Hervicusgasse"
1789;"Pohlgasse"
1790;"Rosasgasse"
1794;"Niederhofstraße"
1796;"Flurschützstraße/Längenfeldgasse"
1438;"Klinik Ottakring"
1415;"Waidäckergasse"
1416;"Schrekergasse"
1417;"Reichmanngasse"
2263;"Otto-Wagner-Areal"
2264;"Raimannstraße"
1424;"Waidäckergasse"
1439;"Klinik Ottakring"
5691;"Auerspergstraße"
685;"Hetzendorf"
686;"Eckartsaugasse"
683;"Edmund-Reim-Gasse"
503;"Sagedergasse"
557;"Nauheimergasse"
529;"Neusteinhof"
542;"Inzersdorf, Kirchenplatz"
1957;"Wagner-Schönkirch-Gasse"
2573;"Südrandstraße"
3383;"Blumental"
3384;"Indigoweg"
3385;"Rosiwalgasse"
3386;"Franzosenweg"
5587;"Alaudagasse"
1981;"Himberger Straße"
3377;"Franzosenweg"
3378;"Rosiwalgasse"
3379;"Indigoweg"
3380;"Blumental"
2572;"Südrandstraße"
2008;"Wagner-Schönkirch-Gasse"
527;"Inzersdorf, Kirchenplatz"
1892;"Neusteinhof"
506;"Nauheimergasse"
511;"Zanaschkagasse"
512;"Lichtensterngasse"
684;"Rothenburgstraße"
2609;"Breitenfurter Str./Hetzendorfer Str."
2051;"Zentralfriedhof 4.Tor"
2456;"Leberweg"
2052;"Hauptwerkstätte"
2053;"Etrichstraße"
2055;"Schwechat Brauerei"
2056;"Schwechat Wiener Straße"
2789;"Schwechat B10/Rathausplatz"
2799;"Schwechat Möhringgasse"
2800;"Schwechat Möhringgasse"
2792;"Schwechat B10/Hauptplatz"
2793;"Schwechat Plankenwehrstraße"
2293;"Schwechat Wiener Straße"
2057;"Schwechat Brauerei"
3991;"Zentralfriedhof 3.Tor"
2050;"Zentralfriedhof 3.Tor"
2352;"Pantucekgasse"
3412;"Kaiserebersdorf"
3422;"Etrichstraße"
3413;"Wopenkastraße"
2315;"Svetelskystraße"
2367;"Kaiserebersdorfer Friedhof"
2368;"Widholzgasse"
2740;"Roschégasse"
2127;"Tenschertstraße"
3229;"Ernanigasse"
1894;"Wienerfeld"
1895;"Sindinggasse"
1978;"Josef-Enslein-Platz"
1977;"Selma-Lagerlöf-Gasse"
1979;"Stockholmer Platz"
3821;"Oberlaa, Friedhof"
2918;"Oberlaa"
2921;"Oberlaa"
3849;"Oberlaaer Platz"
2882;"Alaudagasse"
2003;"Stockholmer Platz"
1973;"Selma-Lagerlöf-Gasse"
2004;"Josef-Enslein-Platz"
2627;"Undsetgasse"
2919;"Wienerfeld"
345;"Praterstern"
347;"Am Tabor"
348;"Nordwestbahnstraße"
350;"Wallensteinplatz"
353;"Franz-Josefs-Bahnhof"
360;"Lerchenfelder Straße"
366;"Neustiftgasse/Kaiserstraße"
361;"Burggasse/Kaiserstraße"
362;"Westbahnstraße/Kaiserstraße"
363;"Stollgasse"
370;"Westbahnhof"
364;"Mariahilfer Straße/Kaiserstraße"
373;"Stollgasse"
374;"Westbahnstraße/Kaiserstraße"
375;"Burggasse/Kaiserstraße"
367;"Neustiftgasse/Kaiserstraße"
376;"Lerchenfelder Straße"
377;"Blindengasse"
389;"Nordwestbahnstraße"
390;"Am Tabor"
391;"Nordbahnstraße"
2270;"Linzer Straße/Zehetnergasse"
2271;"Seckendorfstraße"
2646;"Tinterstraße"
2272;"Baumgartner Friedhof, 3. Tor"
2273;"Baumgartner Friedhof, 5. Tor"
2274;"Niederpointenstraße"
2275;"An der Niederhaid"
1420;"Klinik Penzing"
2265;"Baumgartner Friedhof, 5. Tor"
2281;"Baumgartner Friedhof, 3. Tor"
2266;"Tinterstraße"
2267;"Waidhausenstraße"
2268;"Gruschaplatz"
2295;"Linzer Straße/Hochsatzengasse"
2294;"Hackinger Straße"
1401;"Volkstheater"
1402;"Kellermanngasse"
1403;"Neustiftgasse/Neubaugasse"
1404;"Neustiftgasse/Zieglergasse"
1405;"Neustiftgasse/Kaiserstraße"
1406;"Thaliastraße U/Koppstr."
1407;"Kirchstetterngasse"
1408;"Panikengasse"
2636;"Brüßlgasse"
1409;"Possingergasse"
1410;"Pfenninggeldgasse"
1411;"Gutraterplatz"
1527;"Ottakring"
1413;"Rankgasse"
1418;"Otto-Wagner-Areal"
1419;"Klinik Penzing"
1421;"Otto-Wagner-Areal"
1422;"Reichmanngasse"
1423;"Schrekergasse"
1530;"Gutraterplatz"
1428;"Brüßlgasse"
1429;"Camillo-Sitte-Gasse"
1430;"Vogelweidplatz/Stadthalle"
1426;"Moeringgasse"
1431;"Burggasse-Stadthalle"
1432;"Burggasse/Kaiserstraße"
1433;"Burggasse/Zieglergasse"
1434;"Burggasse/Neubaugasse"
1435;"St.-Ulrichs-Platz"
2927;"Leopoldsdorfer Straße"
1991;"Unterlaa"
1518;"Kirsteweg"
1519;"Klederinger Straße"
3388;"Unterlaa Stadtgrenze"
3381;"Kledering Kirche"
3391;"Kledering Bahnhof"
3721;"Kledering Kirche"
1520;"Unterlaa Stadtgrenze"
1521;"Klederinger Straße"
1522;"Kirsteweg"
1509;"Wiedgasse"
1510;"Langobardenstraße"
2481;"Genochplatz"
2482;"Miriam-Makeba-Gasse"
2540;"Hilde-Hannak-Gasse"
2539;"Gewerbepark Stadlau"
2625;"Zwerchäckerweg"
2624;"Zwerchäckerweg"
2541;"Gewerbepark Stadlau"
2582;"Hilde-Hannak-Gasse"
1334;"Marietta-Blau-Gasse"
2491;"Miriam-Makeba-Gasse"
2492;"Genochplatz"
2409;"Am Bahnhof"
2748;"Stadlau"
3057;"Kagran"
3313;"Kagraner Platz"
3315;"Contiweg"
1075;"Gotthelfgasse"
8649;"Haschafeld"
8683;"Aspernstraße"
1073;"Haschafeld"
1074;"Gotthelfgasse"
1335;"Marietta-Blau-Gasse"
3318;"Kagraner Platz"
8076;"Marderweg"
8549;"Schütthäufel"
8077;"Schierlinggrundbrücke"
8547;"Binsenweg"
8078;"Orchisgasse"
8079;"Wulzendorfstraße"
8072;"Scheedgasse"
8074;"Schukowitzgasse"
8075;"Kieslerweg"
8138;"Mayredergasse"
8139;"Aspern Nord"
8059;"Mayredergasse"
8060;"Fuchsenzeile"
8061;"Podhagskygasse"
8062;"Schukowitzgasse"
8063;"Pfalzgasse"
8067;"Scheedgasse"
8097;"Am Krautgarten"
8099;"Wulzendorfstraße"
8546;"Orchisgasse"
8100;"Binsenweg"
8548;"Schierlinggrundbrücke"
8101;"Schütthäufel"
8550;"Ulanenweg"
8102;"Korbweidenweg"
2483;"Hirschstetten, Süßenbrunner Str."
2484;"Süßenbrunner Straße/Oberfeldgasse"
2485;"Jakob-Bindel-Platz"
2486;"Korianderweg"
2538;"Süßenbrunner Straße/Breitenleer Straße"
2487;"Korianderweg"
2488;"Jakob-Bindel-Platz"
2489;"Süßenbrunner Straße/Oberfeldgasse"
2490;"Hirschstetten, Süßenbrunner Str."
3915;"Dückegasse"
3917;"Hans-Czermak-Gasse"
3918;"Satzingerweg"
3919;"Hans-Czermak-Gasse"
2637;"Kagran"
7321;"Rosensteingasse"
